Workbook

Sheet KAYIT
B1: Firma ünvanı
B2: Adres
B3: SGK SİCİL | D3: İŞKOLU
B4: Ay
B5: Yıl | D5: Tehlike Sınıfı:
B6: Tarih | D6: Geçerlilik Tarih:
B7: İşveren /İ. Vekili | D7: Telefon: | F7: TC :
B8: İş Güvenliği Uzmanı | D8: Sertifika No: | F8: TC : | J8: Tel:
B9: İşyeri Hekimi | D9: Sertifika No: | F9: TC : | J9: Tel:
B10: Çalışan Temsilcisi | D10: Eğitim Tarihi: | F10: TC : | J10: Tel:
B11: Çalışan Temsilcisi | D11: Eğitim Tarihi: | F11: TC : | J11: Tel:
B12: Destek Elemanı/ Koordinatör | D12: Telefon: | F12: TC :
B13: Tüm Br. Bilgi Sahibi Kişi | D13: Telefon: | F13: TC :
B14: Adep Ekip Yenileme Tarihi
B15: Adep Ekip Yenileme No
B18: TC | C18: SÖNDÜRME EKİBİ | D18: ADI SOYADI | E18: TELEFON
A19: 1 | C19: Ekip Başkanı
A20: 2 | C20: Ekip Başkan Yardımcısı
A21: 3 | C21: Üye
A22: 4 | C22: Üye
B24: TC | C24: KURTARMA EKİBİ | D24: ADI SOYADI | E24: TELEFON
A25: 1 | C25: Ekip Başkanı
A26: 2 | C26: Ekip Başkan Yardımcısı
A27: 3 | C27: Üye
A28: 4 | C28: Üye
B30: TC | C30: KORUMA EKİBİ | D30: ADI SOYADI | E30: TELEFON
A31: 1 | C31: Ekip Başkanı
A32: 2 | C32: Ekip Başkan Yardımcısı
A33: 3 | C33: Üye
A34: 4 | C34: Üye
B36: TC | C36: İLKYARDIM EKİBİ | D36: ADI SOYADI | E36: TELEFON
A37: 1 | C37: Ekip Başkanı
A38: 2 | C38: Ekip Başkan Yardımcısı
A39: 3 | C39: Üye
A40: 4 | C40: Üye
A41: 5 | C41: Üye
A42: 6 | C42: Üye
A43: 7 | C43: Üye
A44: 8 | C44: Üye
A45: 9 | C45: Üye
A46: 10 | C46: Üye

Sheet İNDEKS-1
C7: =KAYIT!C1 -> 0
B18: =KAYIT!C2 -> 0
B20: =KAYIT!C3 -> 0
C34: İŞ SAĞLIĞI VE
C39: GÜVENLİĞİ DOSYASI
E53: =KAYIT!C4 -> 0
E54: =KAYIT!C5 -> 0
C67: OSGB DÖKÜMANLARI İNDEKS
C69: 1. ÖN DENETİM/UYGUNSUZLUK RAPORLARI
C70: 2. SÖZLEŞME-BAKANLIK SÖZLEŞMELER
C71: 3. İŞLETME BELGELERİ NUMUNELERİ
C72: a. RUHSAT
C73: b. FAALİYET İZİN BELGESİ
C74: c. EKİPMAN LİSTESİ
C75: d. PERSONEL LİSTESİ
C76: 4. YILLIK ÇALIŞMA PLANI-YILLIK EĞİTİM PLANI
C77: 5. İÇ EMNİYET YÖNETMELİĞİ VE DİSİPLİN YÖNETMELİĞİ PROSEDÜRÜ
C78: 6. ATAMA YAZILARI
C79: 7. PERSONEL EĞİTİM İMZA FÖYLERİ
... C92: 20. ARŞİV
C105: =C7 -> 0
E128: 1
C147: - ÖN DENETİM RAPORLARI
C148: - UYGUNSUZLUK RAPORLARI
C158: =C105 -> 0
E181: =E128+1 -> 2
C200: - SÖZLEŞME
C201: - BAKANLIK SÖZLEŞMELERİ
C211: =C158 -> 0
E234: =E181+1 -> 3
C253: - İŞLETME BELGELERİ
C254: (RUHSAT/EKİPMAN LİSTESİ/PERSONEL LİSTESİ)
C264: =C211 -> 0
E287: =E234+1 -> 4
C306: - YILLIK ÇALIŞMA PLANI
C307: - YILLIK EĞİTİM PLANI
C317: =C264 -> 0
E340: =E287+1 -> 5
C359: - İÇ EMNİYET YÖNETMELİĞİ
C360: - DİSİPLİN YÖNETMELİĞİ PROSEDÜRÜ
C370: =C317 -> 0
E393: =E340+1 -> 6
C413: - ATAMA YAZILARI
C423: =C370 -> 0
E446: 7
C466: - PERSONEL EĞİTİM İMZA FÖYLERİ
C476: =C423 -> 0
E499: =E446+1 -> 8
C519: - İSG KURUL EVRAKLARI
C529: =C476 -> 0
E552: =E499+1 -> 9
C571: - PERİYODİK ÖLÇÜMLER
C572: (EKİPMAN / ORTAM ÖLÇÜMLERİ)
C582: =C529 -> 0
E605: =E552+1 -> 10
C624: - İŞ KAZASI YÖNERGESİ VE TUTANAKLARI
C625: - RAMAK KALA OLAY BİLDİRİMİ
C635: =C582 -> 0
E658: =E605+1 -> 11
C678: - DENETİM RAPORLARI
C688: =C635 -> 0
E711: =E658+1 -> 12
C730: - KİŞİSEL KORUYUCU DONANIM (KKD)
C731: (ZİMMET TUTANAĞI)
C741: =C688 -> 0
E764: =E711+1 -> 13
C783: - İŞ SAĞLIĞI GÜVENLİĞİ TALİMATI
C784: (GENEL TALİMAT VE KURALLAR)
C794: =C741 -> 0
E817: =E764+1 -> 14
C836: - TEMEL İŞ SAĞLIĞI VE GÜVENLİĞİ EĞİTİMİ
C847: =C794 -> 0
E870: =E817+1 -> 15
C889: - ACİL DURUM EYLEM PLANI / PROSEDÜRÜ
C900: =C847 -> 0
E923: =E870+1 -> 16
C942: - RİSK ANALİZİ DEĞERLENDİRMESİ
C953: =C900 -> 0
E976: =E923+1 -> 17
C995: - YANGIN YÖNERGESİ
C996: - YANGIN TATBİKATI
C1006: =C953 -> 0
E1029: =E976+1 -> 18
C1048: - FORMLAR
C1049: - TALİMATLAR
C1059: =C1006 -> 0
E1082: =E1029+1 -> 19
C1102: - İHTARNAMELER
C1112: =C1059 -> 0
E1135: =E1082+1 -> 20
C1154: - ARŞİV

Sheet YILLIK ÇALIŞMA
B1: İŞ SAĞLIĞI ve GÜVENLİĞİ YILLIK ÇALIŞMA PLANI
B2: 2024 YILI ÇALIŞMA PLANI
B3: İş Yeri Unvanı: | C3: =KAYIT!C1 -> 0 | G3: İş Yeri Adresi: | I3: =KAYIT!C2 -> 0
B4: İş Yeri Sicil No: | C4: =KAYIT!C3 -> 0
B5: PERİYODİK FAALİYETLER | C5: PERİYOT | D5: SORUMLU | E5: İLGİLİ MEVZUAT | F5: MEVCUT DURUM | G5: A Y L A R
G6: OCAK | H6: ŞUBAT | I6: MART | J6: NİSAN | K6: MAYIS | L6: HAZİRAN | M6: TEMMUZ | N6: AĞUSTOS | O6: EYLÜL | P6: EKİM | Q6: KASIM | R6: ARALIK
B7: Yıllık Çalışma Planının Hazırlanması | C7: 1 Kez / Yıl | D7: İşveren İş Güv Uzmanı İşyeri Hekimi | E7: 29.12.2012/28512 / Değişiklik 18.12.2014/29209 / İş Sağlığı Ve Güvenliği Hizmetleri Yönetmeliği
B8: Yıllık Eğitim Planın Yapılması | C8: 1 Kez / Yıl | D8: İşveren İş Güv Uzmanı İşyeri Hekimi | E8: 15.05.2013-28648 / Çalışanların İş Sağlığı ve Güvenliği Eğitimlerinin Usul ve Esasları Hakkında Yönetmelik
B9: İSG Kurul Toplantısı | C9: 1 Kez / 1 Ay 1 Kez / 2 Ay 1 Kez / 3 Ay | D9: İSG Kurulu | E9: 18.01.2013-28532 / İş Sağlığı Ve Güvenliği Kurulları Hakkında Yönetmelik / Madde 9 (1)-a | F9: MUAF
B10: Risk Değerlendirme Ekibinin Eğitilmesi | C10: 1 Kez | D10: İş Güv Uzmanı İş Yeri Hekimi | E10: 15.05.2013-28648 / Çalışanların İş Sağlığı ve Güvenliği Eğitimlerinin Usul ve Esasları Hakkında Yönetmelik 29.12.2012/28512 / İş Sağlığı Ve Güvenliği Risk Değerlendirmesi Yönetmeliği
B11: Risk Değerlendirmesi Kontrolü / Yapılması | C11: 1 Kez / 2 Yıl 1 Kez / 4 Yıl 1 Kez / 6 Yıl | D11: Risk Değerlendirme Ekibi | E11: 29.12.2012/28512 / Değişiklik 18.12.2014/29209 / İş Sağlığı Ve Güvenliği Hizmetleri Yönetmeliği 29.12.2012/28512 / İş Sağlığı Ve Güvenliği Risk Değerlendirmesi Yönetmeliği
B12: İşyeri Ortam Ölçümlerinin Kontrolü / Yapılması *Kimyasal Etkenler Ölçümü *Fiziksel Etkenler Ölçümü *Biyolojik Etkenler Ölçümü | C12: 1 Kez | D12: İşveren İş Güv Uzmanı İş Yeri Hekimi | E12: 29.12.2012/28512 / Değişiklik 18.12.2014/29209 / İş Sağlığı Ve Güvenliği Hizmetleri Yönetmeliği 20.08.2013/28741 / İş Hijyeni Ölçüm, Test Ve Analizi Yapan Lab. Hak. Yön.
B13: Çalışanların Kişisel Maruziyet Ölçümleri Kontrolü / Sağlanması | C13: Belirli Periyot | D13: İşveren İş Güv Uzmanı İşyeri Hekimi | E13: 29.12.2012/28512 / Değişiklik 18.12.2014/29209 / İş Sağlığı Ve Güvenliği Hizmetleri Yönetmeliği 20.08.2013/28741 / İş Hijyeni Ölçüm, Test Ve Analizi Yapan Lab. Hak. Yön.
B14: Kaldırma İletme araçlarının periyodik kontrollerinin ve testlerinin yaptırılması | C14: 1 / 12 Ay | D14: İşveren | E14: 25.04.2013 -28628 / İş Ekipmanlarının Kullanımında Sağlık Ve Güvenlik Şartları Yönetmeliği / Ek III-Tablo.2
B15: Basınçlı Kapların periyodik kontrollerinin ve testlerinin yaptırılması | C15: 1 / 12 Ay | D15: İşveren | E15: 25.04.2013 -28628 / İş Ekipmanlarının Kullanımında Sağlık Ve Güvenlik Şartları Yönetmeliği / Ek III-Tablo.1
B16: Elektrik Tesisatların Periyodik İç tesisat ve Topraklama Kontrollerinin ve testlerinin yaptırılması | C16: 1 / 12 Ay | D16: İşveren | E16: 25.04.2013 -28628 / İş Ekipmanlarının Kullanımında Sağlık Ve Güvenlik Şartları Yönetmeliği / Ek III-Tablo.3
B17: Acil Durum Planının Kontrolü / Güncellenmesi | C17: 1 Kez / 2 Yıl 1 Kez / 4 Yıl 1 Kez / 6 Yıl | D17: İşveren İş Güv. Uzm. İş Yeri Hekimi | E17: 18.06.2013-28681 / İşyerlerinde Acil Durumlar Hakkında Yönetmelik Madde 14
B18: Acil Durum Ekiplerinin Güncellenmesi | C18: 2 Kez / 1 Yıl | D18: İşveren İş Güv. Uzm. İş Yeri Hekimi | E18: 18.06.2013-28681 / İşyerlerinde Acil Durumlar Hakkında Yönetmelik Madde 14
B19: İş sağlığı ve Güvenliği Uyarı ikaz İşaret Levhalarının Kontrolü / Tespiti ve Asılması | C19: 1 Kez | D19: İşveren İş Güv. Uzm. | E19: 11.09.2013 - 28672 sayılı Sağlık ve Güvenlik İşaretleri Yönetmeliği Madde:5/1
B20: Firma Acil Durum Tahliye Projesi Kontrolü / Oluşturulması (Kaçış yollarının, yangın merdivenlerinin, acil durum asansörlerinin, yangın dolaplarının, itfaiye su verme ve alma ağızlarının, toplanma alanın ve yangın pompalarının yerlerinin renkli olarak işaretlendiği proje) | C20: 1 Kez / 2 Yıl 1 Kez / 4 Yıl 1 Kez / 6 Yıl | D20: İşveren İş Güv. Uzm. İş Yeri Hekimi | E20: 18.06.2013-28681 / İşyerlerinde Acil Durumlar Hakkında Yönetmelik Madde 15 19/12/2007-26735 / Binaların Yangından Korunması HakkındaYönetmelik
B21: Çalışanların İSG Eğitimleri (Genel-Sağlık-Teknik Konular) | C21: 8 Saat / 12 Ay 12 Saat / 24 Ay 16 Saat / 36 Ay | D21: İş Güv Uzmanı İş Yeri Hekimi | E21: 15.05.2013-28648 / Çalışanların İş Sağlığı ve Güvenliği Eğitimlerinin Usul ve Esasları Hakkında Yönetmelik / Madde 6 (4)-b / Madde 15 | F21: Çalışanların eğitimi işyerinin değişken yapısı ve personel sirkülasyonunun yoğunluğu nedeniyle işyerinde çalışmaya başlayan her çalışana bireysel veya toplu olarak verilmekte ve belgelenmektedir
B22: İş Sağlığı ve Güvenliği Kurulu Eğitimi | C22: 1 Kez / 2 Yıl 1 Kez / 4 Yıl 1 Kez / 6 Yıl | D22: İş Güv Uzmanı İş Yeri Hekimi | E22: R.G. 18 Ocak 2013/28532 / İş Sağlığı ve Güvenliği Kurulları Hakkında Yönetmelik / Madde 7 | F22: MUAF
B23: Yangın Ekipleri Eğitimi ve Yangın söndürme cihazların kontrolü | C23: 2 Kez / Yıl | D23: İş Güv Uzmanı İş Yeri Hekimi | E23: R.G. 19 Aralık 2007/26735 / Binaların Yangından Korunması Hakkındaki Yönetmelik / Madde 129
B24: Tüm Çalışanların Acil Durum Planı Bilgilendirilmesi / Eğitimi | C24: 1 Kez / 2 Yıl 1 Kez / 4 Yıl 1 Kez / 6 Yıl | D24: İşveren İş Güv. Uzm. İş Yeri Hekimi | E24: 18.06.2013-28681 / İşyerlerinde Acil Durumlar Hakkında Yönetmelik Madde 15
B25: İşe Giriş ve Yıllık Periyodik Muayenelerin Kontrolü / Yapılması | C25: 1 kez/1 Yıl 1 kez/3 Yıl 1 kez/5 Yıl | D25: İşveren İşyeri Hekimi Diğ. Sağlık Personeli | E25: 20.07.2013-28713 Deşiklik 18.12.2014/29209 / İşyeri Hekimi ve Diğer Sağlık Personelinin Görev, Yetki, Sorumluluk ve Eğitimleri Hakkında Yönetmelik / Madde 9.c.3 | F25: Çalışanların sağlık kontrolleri işyeri hekiminin belirlediği periyotlarda ve işe başlayan her personeli kapsayacak şekilde yapılmaktadır
B26: Acil durum Tahliye Tatbikatının Yapılması ve Tatbikat Raporunun Tutulması | C26: 1 Kez / Yıl | D26: İş Güv. Uzm. İş Yeri Hekimi | E26: 18.06.2013-28681 / İşyerlerinde Acil Durumlar Hakkında Yönetmelik Madde 13
B27: İçme Suyu Temininin Kontrolü / Sağlanması ve Uygunluğunun Analizi | C27: Belirli Periyot | D27: İşyeri Hekimi DSP | E27: 20.07.2013-28713 Deşiklik 18.12.2014/29209 / İşyeri Hekimi ve Diğer Sağlık Personelinin Görev, Yetki, Sorumluluk ve Eğitimleri Hakkında Yönetmelik / Madde 2.a.5
B28: Çalışanların Sosyal Alanlarının Fiziksel Uygunluğunun ve Hijyen Şartlarının Sağlanması / Takibi | C28: Belirli Periyot | D28: İşveren İş Güv Uzmanı | E28: 17.07.2013/28710 - İşyeri Bina Ve Eklentilerinde Alınacak Sağlık Ve Güvenlik Önlemlerine İlişkin Yönetmelik
B29: İşyerinde İSG gözetimlerininin / denetimlerinin yapılması | C29: Sürekli | D29: İşveren İş Güv Uzmanı İşyeri Hekimi Çal. Temsilcisi | E29: 29.12.2012-28512 / İş Güvenliği Uzmanlarının Görev, Yetki, Sorumluluk ve Eğitimleri Hakkında Yönetmelik Madde 9 20.07.2013-28713 Deşiklik 18.12.2014/29209 / İşyeri Hekimi ve Diğer Sağlık Personelinin Görev, Yetki, Sorumluluk ve Eğitimleri Hakkında Yönetmelik
B30: İş Kazası ve Meslek Hastalıkları Kaydı (Ramak kala olay, İlkyardım uygulanan kaza, İş günü kayıplı kaza, İş kazası) | C30: Sürekli | D30: İşveren İş Güv Uzmanı İşyeri Hekimi Çal. Temsilcisi | E30: 29.12.2012-28512 / İş Güvenliği Uzmanlarının Görev, Yetki, Sorumluluk ve Eğitimleri Hakkında Yönetmelik Madde 9 20.07.2013-28713 Deşiklik 18.12.2014/29209 / İşyeri Hekimi ve Diğer Sağlık Personelinin Görev, Yetki, Sorumluluk ve Eğitimleri Hakkında Yönetmelik
B31: Ek -2 Yıllık Değerlendirme Raporunun Tutulması | C31: 1 Kez / Yıl | D31: İşveren İş Güv Uzmanı İşyeri Hekimi | E31: 29.12.2012-28512 / İş Güvenliği Uzmanlarının Görev, Yetki, Sorumluluk ve Eğitimleri Hakkında Yönetmelik Madde 9 20.07.2013-28713 Deşiklik 18.12.2014/29209 / İşyeri Hekimi ve Diğer Sağlık Personelinin Görev, Yetki, Sorumluluk ve Eğitimleri Hakkında Yönetmelik
B33: İş Güvenliği Uzmanı | E33: İşyeri Hekimi | H33: İşveren / İ.Vekili
B34: =KAYIT!C8 -> 0 | E34: =KAYIT!C9 -> 0 | H34: =KAYIT!C7 -> 0

Sheet YILLIK EĞİTİM 
B1: İŞ SAĞLIĞI ve GÜVENLİĞİ YILLIK EĞİTİM PLANI
B2: 2024 YILI EĞİTİM PLANI
B3: İş Yeri Unvanı: | D3: =KAYIT!C1 -> 0 | F3: İş Yeri Adresi: | G3: =KAYIT!C2 -> 0
B4: İş Yeri Sicil No: | D4: =KAYIT!C3 -> 0
B5: Sıra No | C5: EĞİTİM KONUSU | D5: Eğitimi Verecek Kişi/Kuruluş | E5: Planlanan Tarih | F5: Gerçekleşen Tarih | G5: AÇIKLAMALAR
B6: 1 | C6: Genel Konular a) Çalışma mevzuatı ile ilgili bilgiler b) Çalışanların yasal hak ve sorumlulukları c) İşyeri temizliği ve düzeni d) İş kazası ve meslek hastalığından doğan hukuki sonuçlar | D6: İş Güvenliği Uzmanı | E6: SÜREKLİ
B7: 2 | C7: Sağlık Konuları a) Meslek hastalıklarının sebepleri b) Hastalıktan korunma prensipleri ve korunma tekniklerinin uygulaması c) Biyolojik ve psikososyal risk etmenleri d) İlkyardım | D7: İşyeri Hekimi | E7: SÜREKLİ
B8: 3 | C8: Teknik Konular a) Kimyasal, fiziksel ve ergonomik risk etmenleri b) Elle kaldırma ve taşıma c) Parlama patlama, yangın ve yangından korunma d) İş ekipmanlarının güvenli kullanımı e) Ekranlı araçlarla çalışma f) Elektrik tehlikeleri, riskleri ve önlemleri g) İş kazalarının sebepleri ve korunma prensipleri ile tekniklerin uygulanması h) Güvenlik ve sağlık işaretleri i) Kişisel koruyucu donanım kullanımı j) İş sağlığı ve güvenliği genel kuralları ve güvenlik kültürü k) Tahliye ve kurtarma | D8: İş Güvenliği Uzmanı | E8: SÜREKLİ
B9: 4 | C9: Risk Değerlendirme Ekibi Eğitimi | D9: İş Güvenliği Uzmanı | E9: OCAK
B10: 5 | C10: İş Sağlığı ve Güvenliği Kurulu Eğitimi | D10: İş Güvenliği Uzmanı | E10: MUAF
B11: 6 | C11: Çalışan Temsilcisi Eğitimi | D11: İş Güvenliği Uzmanı | E11: OCAK
B12: 7 | C12: Acil Durum Planı Pers. Bilgilendirme Eğitimi | D12: İş Güvenliği Uzmanı/ İş Yeri Hekimi | E12: OCAK
B13: 8 | C13: İlk Yardımcı Eğitimi | D13: Yetkili Eğitim Kuruluşu | E13: 3 YIL
B14: 9 | C14: Hijyen Eğitimi | D14: Yetkili Kuruluş | E14: ŞUBAT
B15: 10 | C15: Destek Elemanı ve Ekipler Eğitimi | D15: İş Güvenliği Uzmanı | E15: OCAK
B16: 11 | C16: Mesleki Eğitimler /Mesleki Yeterlilik | D16: Yetkili Eğitim Kuruluşu | E16: SÜREKLİ
B17: 12 | C17: İşbaşı İsg Eğitimleri | D17: İş Güvenliği Uzmanı | E17: SÜREKLİ
B18: *EĞİTİMLERİN SÜRESİ : Az tehlikeli işyerleri için en az 8 saat, Tehlikeli işyerleri için en az 12 saat, Çok tehlikeli işyerleri için en az 16 saat olarak her çalışan için düzenlenecektir. *EĞİTİMLERİN TEKRARI : Çok tehlikeli sınıfta yer alan işyerlerinde yılda en az 1 defa, Tehlikeli sınıfta yer alan işyerlerinde 2 yılda en az 1 defa, Az tehlikeli sınıfta yer alan işyerlerinde 3 yılda en az 1 defa. İş kazası geçiren veya meslek hastalığına yakalanan çalışana işe dönüşünde çalışmaya başlamadan önce, kazanın veya meslek hastalığının sebepleri, korunma yolları ve güvenli çalışma yöntemleri ile ilgili ilave eğitim verilir. Herhangi bir sebeple altı aydan fazla süreyle işten uzak kalanlara, tekrar işe başlatılmadan önce bilgi yenileme eğitimi verilir. *HİJYEN EĞİTİMİ ALINACAK İŞYERLERİ : Gıda üretim ve perakende iş yerleri. İnsani tüketim amaçlı sular ile doğal mineralli suların üretimini yapan iş yerleri. Kaplıca, hamam, sauna, berber, kuaför, dövme ve pirsing yapılan yerler, masaj ve güzellik salonları ve benzeri yerler. Otel, motel, pansiyon ve misafirhane gibi yerler. Komisyon tarafından hijyen eğitimi verilmesi uygun görülen diğer iş kolları. *EĞİTİMLERİN AMACI : Çalışanlarda iş sağlığı ve güvenliğine yönelik davranış değişikliği sağlamayı ve eğitimlerde aktarılan bilgilerin öneminin çalışanlarca kavranmasını sağlamaktır. *İlk Yardım Eğitimi Alması Gereken Personel Sayısı: İlk Yardım Yönetmeliği'ne göre Çok Tehlikeli sınıfta yer alan işyerlerinde her 10 kişiden bir kişi, Tehlikeli sınıfta yer alan işyerlerinde 15 kişiden bir kişi, Az Tehlikeli Sınıfta yer alan işyerlerinde her 20 kişiden bir kişi ilkyardım eğitimi almış olmalıdır.
B20: İş Güvenliği Uzmanı | D20: İşyeri Hekimi | G20: İşveren / İ.Vekili
B21: =KAYIT!C8 -> 0 | D21: =KAYIT!C9 -> 0 | G21: =KAYIT!C7 -> 0

Sheet YILLIK DEĞERLENDİRME
A1: EK-2
A2: YILLIK DEĞERLENDİRME RAPORU (2023)
A3: İş Yerinin:
A4: Unvanı : | C4: =KAYIT!C1 -> 0
A5: SGK/Bölge Müdürlüğü Sicil No: | C5: =KAYIT!C3 -> 0
A6: Adres : | C6: =KAYIT!C2 -> 0
A7: Tel ve Fax : | D7: E-posta:
A8: İşkolu : | C8: =KAYIT!E3
A9: Çalışan Sayısı: | C9: Erkek : 4 | D9: Kadın: | E9: Genç: | F9: Çocuk: | G9: Toplam:
A11: Sıra No. | B11: Yapılan çalışmalar | C11: Tarih | D11: Yapan Kişi ve Unvanı | E11: Tekrar Sayısı | F11: Kullanılan Yöntem | G11: Sonuç ve Yorum
A12: 1 | B12: Risk değerlendirmesi | C12: =KAYIT!C6 -> 0 | D12: =KAYIT!C8 -> 0 | E12: 4 yılda 1 | F12: FINE KINNEY | G12: Yapılan risk analizinde belirtilen hususlar ve düzeltici önleyici tedbirlerin alınmasına devam edilmektedir. Sahada belirli periyotlarda kontrol yapılarak tespit öneri defterine önerilerde bulunulmuştur.
D13: İş Güvenliği Uzmanı
D14: =KAYIT!C9 -> 0
B15: Risk değerlendirmesi | C15: 42793 | D15: İşyeri Hekimi | E15: İşveren İş Güv Uzmanı İşyeri Hekimi | F15: İşveren İş Güv Uzmanı İşyeri Hekimi | G15: İşveren İş Güv Uzmanı İşyeri Hekimi
A16: 2 | B16: Ortam ölçümleri | C16: - | D16: Onaylanmış kuruluş | E16: Gerekli Görülen durumlarda | F16: İş Hij. Ölçüm, Test Ve Analiz Lab. Hk. Yön. Göre yapılan ölçümler | G16: Firmada yapılan iş ve işlemler göz önünde bulundurulduğunda, risk değerlendirme ekibinin de tavsiyesiyle ortam ölçümlerine gerek görülmemiştir.
A17: 3 | B17: İşe giriş muayeneleri | C17: Her işe girişte ve Tüm personele | D17: =D14 -> 0 | E17: İşe yeni girişlerde ve 3 yılda 1 | F17: Fiziki Muayene | G17: Firmada işe başlayacak personelin görevlendirileceği bölüm ve yapacağı iş ve işlemlerde mevcut sağlık durumunu etkileyebilecek faktörlere istinaden işyeri hekimince belirlenen tetkikler yaptırılmaktadır.
B18: Risk değerlendirmesi | C18: 42793 | D18: İşyeri Hekimi | E18: İşveren İş Güv Uzmanı İşyeri Hekimi | F18: İşveren İş Güv Uzmanı İşyeri Hekimi | G18: İşveren İş Güv Uzmanı İşyeri Hekimi
A19: 4 | B19: Periyodik muayeneler | C19: - | D19: - | E19: Yılda 1 | F19: Volt Amper Metrik (Üç uçlu Karşılaştırmalı ) Yöntem | G19: Yapılan testler sonucunda topraklama ölçümleri sınır değerlerin altında bulunmaktadır.
D20: Elektrik Mühendisi
C21: - | D21: - | E21: Yılda 1 | F21: Hidrostatik deney, Emniyet ventilli deney, kaldırma testi, mekanik dayanıklılık testi | G21: Kaldırma araçları ve basınçlı kapların yapılan testlerinde makine ve aletlerin çalışmasında sakınca bulunmamıştır.
B22: Risk değerlendirmesi | D22: Makine Mühendisi | F22: İşveren İş Güv Uzmanı İşyeri Hekimi | G22: İşveren İş Güv Uzmanı İşyeri Hekimi
A23: 5 | B23: Radyolojik analizler | C23: 2025 | D23: =D14 -> 0 | E23: İşe yeni girişlerde ve yılda 1 | F23: PA AC Grafisi | G23: 2022 yılında, İşe girişlerde ve periyodik muayenelerde personelin PA AC grafisi çekilerek akciğerde aktif lezyon olup olmadığı değerlendirildi. Herhangi bir olumsuz sonuca rastlanmamıştır.
B24: Risk değerlendirmesi | C24: 42793 | D24: İşyeri Hekimi | E24: İşveren İş Güv Uzmanı İşyeri Hekimi | F24: İşveren İş Güv Uzmanı İşyeri Hekimi | G24: İşveren İş Güv Uzmanı İşyeri Hekimi
A25: 6 | B25: Biyolojik analizler | C25: - | D25: Onaylanmış kuruluş | E25: Gerekli Görülen durumlarda | F25: - | G25: Kuyu suyuna ait bakteriyolojik testler Halk sağlığı laboratuvarına belirli periyorlarda yaptırılmaktadır. Değerlendirme sonuçlarında uygunsuz bir sonuç bulunmamıştır.
G26: Sayfa1/2
A27: 7 | B27: Toksikolojik analizler | C27: - | D27: Onaylanmış kuruluş | E27: Gerekli Görülen durumlarda | F27: İş Hijyeni Ölçüm, Test Ve Analiz Lab. Hk. Yön. Göre yapılan ölçümler | G27: Kuyu suyuna ait kimyasal testler Halk sağlığı laboratuvarına belirli periyorlarda yaptırılmaktadır. Değerlendirme sonuçlarında uygunsuz bir sonuç bulunmamıştır.
A28: 8 | B28: Fizyolojik testler | C28: - | D28: - | E28: - | F28: - | G28: -
A29: 9 | B29: Psikolojik testler | C29: - | D29: - | E29: - | F29: - | G29: -
A30: 10 | B30: Eğitim çalışmaları | C30: 2022 yılı içerisinde | D30: =D12 -> 0 | E30: Tüm personele toplam 12 Saat/Yıllık | F30: Slayt | G30: 2022 yılında tüm personel iş güvenliği uzmanı ve işyeri hekimi tarafından mevzuatta belirtilen süreler kadar İSG Eğitimi verilmiştir.
D31: İş Güvenliği Uzmanı
D32: =D14 -> 0
B33: Risk değerlendirmesi | C33: 42793 | D33: İşyeri Hekimi | E33: İşveren İş Güv Uzmanı İşyeri Hekimi | F33: İşveren İş Güv Uzmanı İşyeri Hekimi | G33: İşveren İş Güv Uzmanı İşyeri Hekimi
A34: 11 | B34: Diğer çalışmalar | C34: - | D34: Yangın tatbikatı ….................. Yangın firması | E34: Yıllık | F34: - | G34: Firmanın faaliyet alanında olası acil durumlarda yapılacaklar bir eylem planı çerçevesinde hazırlanmış ve bilgilendirmesi çalışanlara aktarılmıştır.
D41: Tarih: 22/09/2025
B43: İş Güvenliği Uzmanı | D43: İşveren / İ.Vekili | F43: İşyeri Hekimi
B44: =D12 -> 0 | D44: =KAYIT!C7 -> 0 | F44: =D14 -> 0
G69: Sayfa2/2

Sheet DİSİPLİN YÖNETMENLİĞİ
C10: DİSİPLİN YÖNETMELİĞİ PROSEDÜRÜ
F47: =KAYIT!C6 -> 0
C50: =KAYIT!C1 -> 0
D61: DİSİPLİN YÖNETMELİĞİ PROSEDÜRÜ
D63: =KAYIT!C1 -> 0
C68: İşyeri Unvanı | E68: =KAYIT!C1 -> 0 | H68: Hazırlama/ Güncelleme Tarihi | I68: =KAYIT!C6 -> 0
C71: İşyeri Adresi | E71: =KAYIT!C2 -> 0
C74: İşyeri Sicil No | E74: =KAYIT!C3 -> 0
F79: DİSİPLİN YÖNETMELİĞİ
C81: 1. AMAÇ
C82: =KAYIT!C1 -> 0
C83: bünyesi içerisinde uyumlu ve verimli bir çalışma ortamı yaratabilmek, çalışanların uymaları gereken kuralları, yükümlülükleri ortaya koymak, yönetmelik kapsamında yer alan kurallara aykırı düşen veya bu kuralları ihlal eden tutum, davranış ve olayların ortaya çıkması durumunda izlenecek süreçleri tanımlamak.
C89: 2. KAPSAM
C90: Tüm çalışanlar bu prosedür kapsamındadır. Prosedürün uygulanması ile ilgili sorumluluklar aşağıdaki şekildedir: İnsan Kaynakları, prosedürün uygulama, takip ve yetki kullanımından; Birimlerini temsil eden üst düzey yöneticiler, ekiplerinde çalışan kişilere bu yönetmelik kapsamındaki kuralların aktarılmasından, uygulamayı izleyerek gerekli durumlarda uyarılarda bulunulmasından ve prosedürün güncellenmesi ihtiyacını fark etmeleri durumunda İnsan Kaynakları Bölümü’nü bilgilendirmekten; Disiplin Kurulu, kararlarının alınması aşamasında yönetmelik kurallarına uygun hareket edilmesinden ve kurula gelen dosyaların gizliliğinden, sorumludur.
C101: 3. UYGULAMA
C102: 3.1. Çalışan, iş görme borcunu 4857 sayılı İş Kanunu’nda hüküm altına alınan işçinin işi kendisinin yapması, işin özenle yapılması, itaat borcu, özel haller, kuruma sadakat borcu ve rekabet etmeme borcuna riayet ederek, işyerinde mevcut veya bundan sonra yürürlüğe konulacak işyeri prosedür hükümleri gereğince yerine getirmek ile yükümlüdür.
C107: 4. DİSİPLİN CEZALARININ TANIMLARI VE SONUÇLARI
C108: 4.1. Yazılı İhtar: Çalışanın, 4857 sayılı İş Kanunu’nun 25.maddesi uyarınca haklı nedenle derhal feshe neden olacak ağırlıkta bulunmamakla birlikte, iş sözleşmesine ve kanuna aykırı davranışları, fiziki ve mesleki yetersizliği, işyerinin normal işleyişini ve yürüyüşünü bozan, iş görme borcunun gerektiği şekilde yerine getirilmesini engelleyen, iş yerindeki uyumu olumsuz yönde etkileyen hallerde yazılı olarak uyarılması ve savunmasının alınmasıdır.
J114: Sayfa 1 / 6
D116: DİSİPLİN YÖNETMELİĞİ PROSEDÜRÜ
D118: =D63 -> 0
C123: Çalışan, dikkat çekme ve uyarı niteliğindeki yazılı ihtar sonrasında tanıklar huzurunda yazılı olarak savunma vermediği ve/veya imtina ettiği takdirde uyarı sebebinin haklılığını kabul ve ikrar etmiş sayılır. Bu cezanın verilmesinde kurul kararına gerek olmaksızın, çalışanın bağlı olduğu birim yöneticisi tek başına yetkilidir. Çalışana tebliğ edilen yazının bir örneği sicil dosyasına konulmak üzere İnsan Kaynakları’na gönderilir. 4.1.1. Yazılı İhtar Gerektiren Durumlar Yöneticisinin bilgisi olmaksızın işe geç gelmek, işten erken ayrılmak, Genel görgü kurallarına ve işyerinin çalışma prensiplerine aykırı davranış sergilemek, İşyerinin genel tasarruf ilkelerine dikkat etmemek, Görev ve sorumluluklarını yerine getirmemek, ilgisizlik ve düzensizlik göstermek veya prosedürlere uymayacak şekilde yerine getirmek, Ekip çalışmasını aksatacak tavır ve davranışlarda bulunmak, Görevi başından izinsiz ayrılmak veya görev saatlerinde başka işlerle uğraşmak (Bilgisayar oyunları vb.), İşyerine ait telefonu geçerli bir neden olmadan, işini aksatacak veya hattı istismar edecek şekilde özel görüşmeleri için kullanmak, E-posta hesabını iş dışındaki mailler için kullanmak, İşyerinde açıkça duyurulmuş ve uygulanmakta olan prosedür ve yönetmeliklere uymamak, İşçi sağlığı ve iş güvenliği ile ilgili kurallara uymamak, işyerinin zorunlu kıldığı test, aşı vb. uygulamaları yerine getirmemek veya takibinde gereken hassasiyeti göstermemek, Yöneticilerine, müşterilere veya iş arkadaşlarına kaba, saygısız, nezaketsiz davranışlarda bulunmak, Geçerli bir neden olmaksızın müşterilerle yeterince ilgilenmemek veya bekletmek, Gerektiğinde yöneticileri tarafından kendisinden istenen rapor, bilgi, belge vb. zamanında vermemek veya yanlış bilgi vermek, Kendi sorumluluğunda olan makine, malzeme ve tesisata gerekli özeni göstermemek, Mesai saatleri içerisinde gizli veya açık olarak işyeri ve ek alanlarda sigara kullanmak. Yukarıda anılmayan ve İş Kanunu’na göre derhal feshe neden olacak ağırlıkta bulunmayan her türlü hallerde yazılı ihtar verilebilir. 4.1.2. Yazılı İhtarın Sonuçları Yazılı ihtar cezası kişinin performans değerlendirmesinde, terfi veya görev değişikliklerinde ve iş sözleşmesinin feshi hallerinde dikkate alınır. 4.1.3. Kınama Çalışanın, iş görme borcunu 4857 sayılı İş Kanunu’nda hüküm altına alınan çalışanın işi kendisinin yapması, işin özenle yapılması, itaat borcu, özel haller, kuruma sadakat borcu, rekabet etmeme borcuna riayet ederek, çalışmalarındaki tavır ve davranışlarında geliştirmesi gereken yanlarıyla ilgili yazılı olarak kınanmasıdır. Kınama, kınama ve ağır kınama olmak üzere iki biçimde uygulanır. 4.1.4. Kınama Cezasını Gerektiren Haller Yöneticisinin izni olmaksızın devamsızlık yapmak, işe geç gelmeyi veya işten erken ayrılmayı alışkanlık haline getirmek, Yöneticilerine, müşterilere veya çalışma arkadaşlarına karşı onur kırıcı davranışlarda bulunmak ve/veya kişiliklerine yönelik hakaret etmek, İşyeri ahengini bozacak şekilde arkadaşları ile geçimsizlik çıkarmak, Çalışma arkadaşlarına karşı yersiz suçlamalarda bulunmak ve bunları ispatlayamamak,
J171: Sayfa 2 / 6
D173: DİSİPLİN YÖNETMELİĞİ PROSEDÜRÜ
D175: =D118 -> 0
C180: Yönetimi altındaki çalışanın yönetim ve denetimine gereken dikkati göstermeyerek yolsuzluk yapılmasına elverişli bir ortamın doğmasına yol açmak, İşyerince görevlendirilen haller hariç olmak üzere, işyeri yönetiminden yazılı izin almaksızın ve/veya işyeri ve çalışan arasında yapılmış özel sözleşmelerde belirtilen koşullar saklı kalmak üzere, izin süreleri içinde veya dışında ücretli veya ücretsiz başka bir işte çalışmak veya görev yapmak, her türlü şirket, ticaret veya sanayi kuruluşlarında yönetim kurulu üyeliği veya denetçiliği yapmak, Birlikte çalıştığı çalışanın suç sayılabilecek hal ve hareketlerini zamanında yöneticilerine bildirmekten kaçınmak, İşyerine ait defter, fatura vb. kayıt ve iş ile ilgili belgeleri kaybetmek veya kaybolmasına sebebiyet vermek, Kullanılması veya muhafazası kendisine bırakılmış olan makine ve tesisata gerekli özeni göstermeyerek hasara uğratmak ve/veya kaybetmek, İşyeri tarafından kullanımına verilmiş her türlü şifreyi başkasına açıklamak, kullanımına izin vermek veya başkasına ait şifreyi Kefalet haricinde borçlanmak suretiyle kanuni takibe maruz kalmak. 4.1.5 Kınama Cezasının Sonuçları Kınama cezası bir yıl süre ile terfi etmeyi engeller. Çalışan yıl içinde ödenen her türlü primden ve/veya ödenekten yoksun kalır ve kınama cezası, kişinin performans değerlendirmesinde dikkate alınır. 4.1.6 Ağır Kınama Cezasını Gerektiren Haller İlgisizlik ve dikkatsizlik nedeniyle yanlış ve/veya eksik işlem yaparak veya görevin gerektirdiği işlemleri geciktirerek işyerini zarara sokmak ve/veya güç duruma düşürmek, Görevli olmadığı halde makine, donanım, fiziksel veya bilgisayar ortamındaki bilgileri karıştırmak ve bu durumun gizliliğini ihlal etmek suretiyle bu bilgileri başkalarıyla paylaşmak, Prosedüre uygun olarak verilen talimatları yerine getirmemek veya eksik yapmak suretiyle işyerini zarara sokmak, Şahsen karşılanması gereken giderleri işyerine ödetmek, Kasıtlı olarak üstlerine yanlış bilgi vermek, bildirilmesi gereken hususları saklamak veya disiplin kurulu ya da soruşturmalarda gerçeğe aykırı bildirimde bulunmak, haklı bir neden bulunmaksızın ifade vermekten kaçınmak veya soruşturmayı güçleştirmek, İşyeri dahilinde yapılan bir yolsuzluğu bilerek haber vermemek, Görevin yerine getirilmesinde politik düşünce, kişisel yakınlık, antipati, kin veya benzeri sebeplerle hastalar ya da çalışanlar arasında ayırım yapmak, Müşterilere ait bilgilerin gizliliği ilkesine uymamak Görevli olmadığı halde basın ve/veya medyaya kurumla ilgili açıklamalarda bulunmak, İşyerine ilişkin her türlü gizlilik niteliği taşıyan bilgi ve belgeleri 3.şahıs ve/veya kurumlarla paylaşmak, İşçi sağlığı ve iş güvenliği ile ilgili kurallara uymamak, işyerinin zorunlu kıldığı test, aşı vb. uygulamaları yerine getirmemek ve/veya takibinde gereken hassasiyeti göstermemek suretiyle kendisinin, çalışma arkadaşlarının veya hasta/hasta yakınlarının sağlığını riske atmak, Astlarından borç almak veya onları kefil göstermek suretiyle borçlanmak. Ağır Kınama Cezasının Sonuçları Ağır kınama cezası 2 yıl süre ile terfi etmeyi engeller, çalışan yıl içinde ödenen her türlü primden yoksun kalır ve kişinin performans değerlendirmesinde dikkate alınır.
J228: Sayfa 3 / 6
D230: DİSİPLİN YÖNETMELİĞİ PROSEDÜRÜ
D232: =D175 -> 0
C237: 4.2 Görevden Çıkartma 4857 İş Kanunundan doğan fesih hakkı saklı kalmak üzere çalışanın, bir daha işyerinde çalıştırılmamak üzere iş akdinin fesh edilmesidir. 4.2.1 Görevden Çıkartma Cezasını Gerektiren Haller Kumar anlamına gelecek şekil ve ölçüde oyun oynamayı alışkanlık haline getirmek veya kumar oynamak, Alkol veya yasalarca kullanılması suç sayılan uyuşturucuların müptelası olmak, görev esnasında bunlardan birini kullanmak veya içkili bir şekilde işyerine gelmek, Hırsızlık, dolandırıcılık, sahtecilik yapmak ve diğer yüz kızartıcı suçlardan birini işlemek veya üç aydan fazla hapis cezasını gerektiren suçlardan hüküm giymek, İşçi sağlığı ve iş güvenliği ile ilgili kurallara uymamak, işyerinin zorunlu kıldığı test, aşı vb. uygulamaları yerine getirmemek veya takibinde gereken hassasiyeti göstermemek suretiyle kendisinin, çalışma arkadaşlarının veya müşterilerin herhangi bir şekilde zarar görmelerine veya hayati tehlikeye neden olmak, Özel çıkar karşılığı görevini veya yetkilerini kötüye kullanmak veya kullandırmak, işyerine ait para, mal veya malzemeyi zimmetine geçirmek, İş akdi yapıldığı sırada gerçeğe aykırı bilgi ve belgelerle işyerini yanıltmak, İş sözleşmesinde yer alan, uyulması zorunlu ve çalışan tarafından da kabul edilmiş yükümlülükleri yerine getirmemek, Müşterilerden veya işbirlikçi firmalardan çıkar sağlayarak doğrudan doğruya veya aracı eliyle hediye veya rüşvet almak, Müşterilere ait bilgileri resmi mercilerin yasal taleplerine verilecek cevap dışında hastanın açıklanmasını istemediği üçüncü kişilere açıklamak yoluyla gizlilik ilkesini ihlal etmek, İşyeri tarafından kendisine verilmiş her türlü şifreyi başkasına açıklamak, kullanımına izin vermek veya başkasına ait şifreyi izinli veya izinsiz kullanmak suretiyle işyerinin zararına neden olmak, Her türlü belge, bilgi ve dokümanı tahrip etmek, ettirmek veya kötü niyetle yok etmek veya ettirmek, sahte belge düzenlemek, Görevli olmadığı halde makine, donanım, fiziksel veya bilgisayar ortamındaki bilgileri karıştırmak ve bunları başkalarıyla paylaşmak suretiyle kuruma zarar vermek, İşyeri içinde veya görev sırasında arkadaşları, müşterileri ile kavga etmek, olay çıkartmak veya işyeri dışında olay çıkartarak işyerinin şeref ve haysiyetine gölge düşürmek, Yöneticilerine veya iş arkadaşlarına şeref ve namuslarına dokunacak yalan beyanlarla veya bunları lekelemek kastı ile şeref haysiyet kırıcı, ispatlayamayacağı ihbar ve şikayetlerde bulunmak, Yöneticilerine, iş arkadaşlarına veya müşterilerine tehdit veya tacizde bulunmak. 4.2.2 Görevden Çıkartma Cezasının Sonuçları Görevden çıkarma cezası alan çalışanın iş akdi bildirimsiz ve tazminatsız olarak fesih edilir. 4.3 Disiplin Cezalarına İlişkin Genel Hükümler Çalışan tarafından, disiplin yönetmeliğinde yer alan kurallarda tanımlı olmayan, ancak firma bünyesindeki uyumlu ve verimli çalışma ortamını zedeleyecek, bozacak tavır ve/veya davranışın sergilenmesi durumunda, disiplin yönetmeliğinde yer alan ve ona en yakın ve/veya benzer madde üzerinden işlem yapılır.
J285: Sayfa 4 / 6
D287: DİSİPLİN YÖNETMELİĞİ PROSEDÜRÜ
D289: =D232 -> 0
C294: 4.3.1. Benzeri Hal ve Eylemler Çalışan tarafından, disiplin yönetmeliğinde yer alan kurallarda tanımlı olmayan, ancak firma bünyesindeki uyumlu ve verimli çalışma ortamını zedeleyecek, bozacak tavır ve/veya davranışın sergilenmesi durumunda, disiplin yönetmeliğinde yer alan ve ona en yakın ve/veya benzer madde üzerinden işlem yapılır. 4.3.2. Tekrar Kişilerin, yönetmelik kapsamındaki kurallara aykırı düşen tavır, davranış ve olayları tekrarlaması durumunda bir üst ceza uygulanır. 4.3.3. İş Yasası Hükümlerinin Saklılığı Bu yönetmeliğin uygulanmasında 4857 sayılı İş Kanunu’nun ilgili madde hükümlerinin uygulanma hakkı saklı tutulur. 4.4. Disiplin Kurulu 4.4.1. Amaç ve Görevi Kurul, işyeri hizmetlerinin genel hedef ve politikalarına uygun olarak yürütülmesini, işyeri karlılığı ve saygınlığı ile güven, gizlilik ve etik kurallara bağlı çalışma ilkelerinin korunmasını sağlamak ve desteklemek amacı ile kurulmuştur. Kurul, görevlerini yaparken hatalı eylemlerde bulunanlar hakkında ilgili değerlendirmelerin karara bağlanması ile görevlendirilmiştir. 4.4.2. Disiplin Kurulunun Yetkisi Kurul, işyeri hizmet ve işlemlerini düzenleyen her türlü yazılı kaynağın belirttiği ve/veya zorunlu kıldığı işlem ve sorumlulukların, etik kurallara ve yasal mevzuata uygun olarak yerine getirilmesini teminen çalışanlar hakkında caydırıcı, engelleyici ve düzeltici önlem alarak bu prosedürün öngördüğü cezaları vermeye yetkilidir. 4.4.3. Disiplin Kurulu Üyeleri İnsan Kaynakları biriminin önerisi ve Genel Müdür’ün onayı ile seçilen iki işveren temsilcisi ve kurumdaki en kıdemli çalışanlar arasından seçilen, iki işçi temsilcisi olmak üzere dört üyeden oluşur. Üyelerden birisi başkan tayin edilir. Ayrıca, kurulun asil üyesi kadar yedek üyesi vardır. İnsan Kaynakları Müdürü kurulun doğal üyesidir ve oy hakkı yoktur. 4.4.4. Kurula Sevk ve Gerekli Belgeler 4.4.4.1.Olayla ilgili “Tutanak Formu” bölüm yöneticisi tarafından tutulduktan sonra kişinin savunması alınır. 4.4.4.2. “Savunma İstem Formu” ilgili tutanakla birlikte bağlı olduğu müdürlüğe gönderilir ve buradan da ilgili direktörün onayı alınarak kurula sevk istemiyle İnsan Kaynakları birimine iletilir. 4.4.4.3. Tüm bu işlemler, olay meydana geldikten sonra en geç 2 -3 gün içinde tamamlanır. 4.4.4.4. Kurula sevk edilen çalışan hakkında; kendisine isnat olunan suçla ilgili belgeler ve tutanaklar İnsan Kaynakları birimi tarafından aynı gün içinde kurula gönderilir. 4.5. Kurulun Toplanması Disiplin Kurulu, gerekli belgelerin kurul başkanına sevkinin en geç ertesi günü, başkanın talebi ile toplanır. Toplantı yeter sayısı, salt çoğunluk olup, toplantının asil üyelerle yapılamaması halinde, çoğunluk yedek üyelerle temin edilir.
J342: Sayfa 5 / 6
D344: DİSİPLİN YÖNETMELİĞİ PROSEDÜRÜ
D346: =D289 -> 0
C351: 4.5.1. Karar Alınması 4.5.1.1.Kurulda, başkan da dahil her üyenin bir oyu vardır. Kararların alınmasında oy çokluğu ilkesi uygulanır. Oyların eşitliği halinde, başkanın oyuna itibar edilir. 4.5.1.2. Kurul, ceza verilmesi istemiyle sevk edilen personeli dinler ve/veya yazılı savunmasını alır. Kurul kararını, konu ile ilgili yapılacak ilk toplantı tarihinden itibaren 3 gün içinde verir. 4.5.1.3. Verilecek cezaların tespiti sırasında; Suç sayılan eylemin işyeri bünyesinde meydana getirdiği zararın maddi ve manevi önem derecesi, Suç işleyen çalışanın, görev ve unvanının önemi, işyerindeki tutumu, davranışları ve kişiliği hakkındaki genel kanaat, Suç sayılan eylemin sebepleri, göz önünde bulundurulur. 4.6. Kararların Onaylanması Kurul kararları genel müdür tarafından onaylandıktan sonra geçerlilik kazanır ve dosya ile birlikte aynı gün içinde gerekli işlem yapılmak üzere İnsan Kaynakları birimine gönderilir. 4.7. Disiplin Cezalarının Sicile Geçirilmesi Karar, ilgili çalışanın bağlı olduğu direktörlüğe yazılı olarak bildirilir ve oradan da ilgili müdürlüğe gönderilerek bu yönetici tarafından çalışana tebliğ edilir. Disiplin cezası kişinin sicil dosyasına işlenir. 5. İLGİLİ DOKÜMANLAR 5.1 Tutanak Formu 5.2 Savunma İstem Formu
C388: İş Güvenliği Uzmanı | G388: İşveren / İ.Vekili
C389: =KAYIT!C8 -> 0 | G389: =KAYIT!C7 -> 0
J399: Sayfa 6 / 6
D401: DİSİPLİN YÖNETMELİĞİ PROSEDÜRÜ
D403: =D346 -> 0
C408: TUTANAK Tarih : …./…./.... Olay yeri : Olay Saati : Olay Nedeni : ŞAHISLARIN YADA ŞAHSIN SORUMLU AMİRİN İsmi : İsmi : Soyadı: Soyadı: İmza : İmza :
J456: Sayfa 1 / 1
D458: DİSİPLİN YÖNETMELİĞİ PROSEDÜRÜ
D460: =D403 -> 0
C465: SAVUNMA İSTEME FORMU …./…./.... tarihinde ………… mevkiinde gerçekleşen olayla ilgili kendi görüşlerinizi yazınız. ŞAHISLARIN YADA ŞAHSIN SORUMLU AMİRİN İsmi : İsmi : Soyadı: Soyadı: İmza : İmza :
J513: Sayfa 1 / 1

Sheet İÇ EMNİYET YÖNETMELİĞİ
C10: İÇ EMNİYET YÖNETMELİĞİ
F44: =KAYIT!C6 -> 0
C47: =KAYIT!C1 -> 0
E59: İÇ EMNİYET YÖNETMELİĞİ
E61: =KAYIT!C1 -> 0
C64: GENEL ESASLAR 1. KAPSAM Bu iç yönergenin dosyada adı ve adresi belirtilen alanda faaliyet gösteren işyerinde çalışan tüm personeli, Şirkete iş yapan Alt işverenin geçici ve daimi personelini ve Firmaya ait tesis, havuz, mal ve malzemeleri kapsamaktadır. 1.1. İŞ SAĞLIĞI VE İŞÇİ GÜVENLİGİ POLİTİKASI (İSİG) Yaptığımız işin tüm aşamalarında ve her kademesindeki çalışanlarımızın, taşeron firmaların,tedarikçilerimizin ve dışarıdan gelen ziyaretçilerimizin sağlıklı ve iş güvenliğinin en üst seviyede sağlanarak güven içerisinde bulunmaları,son teknolojiyi takip ederek sürdürülebilir kalkınma ilkeleri doğrultusunda, çalışanının hayatının korunması ilkesi tüm faaliyetlerimizin vazgeçilmez bir parçasıdır.Çalışan sağlığını, tüm imkânlarımızla ve yasaların tarif ettiği en üst seviyede korumak başta gelen amacımızdır. Bütün bunlara dayanarak; -Faaliyetlerimizin tamamında,yasaların belirlediği şartları çalışanlarımıza,tedarikçilerimize ve ziyaretçilerimize sağlamayı ve uygulamayı, -İş Sağlığı ve Güvenliği performansımızı artıracak tüm yatırımlara zaman, insan ve maddi kaynak ayırmayı, -Çalışanlarımızın,tedarikçilerimizin ve çevremizdekilerin İSİG bilincini artırmak için gereken tüm çalışmaları gerçekleştirmeyi, -Yaptığımız işte her zaman son teknolojiyi kullanarak en az kazaya maruz kalan kuruluş olmayı -Yaptığımızişte, doğal yaşama zarar vermeden, insanasaygılı, yasalara uygun çalışma bilincini, -Yönetim olarak sürekli iyileştirme çerçevesinde, sektöründeki tüm yasal gereklere uyarak ve teknolojik gelişmeleri bünyesine katarak fiziki emniyet ve iş güvenliği sağlayarak sağlıklı,mutlu ve verimli insan, görüşü ile risk seviyelerini en aza indirmeyi hedeflemekte, -Kuruluşun tüm çalışanları kullanarak güncel, uygulanabilir, sürekligelişen, her kademedeki çalışanın görüşüne açık, yasal gerekleri ve geçerli uygun bir iş sağlığı ve iş güvenliği yönetim sistemini gerçekleştirmeyi, TAAHHÜT EDERİZ. 2. GENEL KURALLAR 2.1. İşyeri ilan tahtasına veya panosuna işyerinin muhtelif kısımlarına asılmış bulunan veya asılacak olan iş sağlığı ve güvenliği kuralları okunacak ve bu kurallara uyulacaktır. 2.2. İş yerinde İş sağlığı ve güvenliği konusunda alınmış bulunan tüm tedbirlere tam olarak uyulacaktır. 2.3. İşyeri, Yönetici ve Amirleri tarafından, zaman zaman tarafınıza bildirilecek yazılı ve sözlü kurallara uyulacaktır. 2.4. Şahsınıza verilen görev, size tarif edildiği şekilde yapılacak, kendi işinizden başka bir işe karışılmayacak, amirinizin verdiği emir ve talimatlara kesinlikle uyulacaktır. 2.5. İşyerinin muhtelif yerlerine, çeşitli maksatlar için asılmış bulunan uyarı(ikaz) levhalarını tek tek okunacak ve bu levhalardaki uyarılara eksiksiz uyulacaktır. 2.6. İşin gereği olarak şahsınıza verilen kişisel koruyucular, örneğin; baret(miğfer), emniyet (güvenlik) kemeri, lastik çizme, gözlük vs. çalışma esnasında devamlı olarak kullanılacaktır. Bu malzemeler eskir, kırılır veya kaybolursa amirinize haber vererek ve izin alarak ambardan yenisi alınacaktır. İşinizin gereği ve can güvenliğiniz için çok önemli olan bu koruyucular olmadan çalışma yapılmayacaktır. 2.7. Düşme, kayma tehlikesi olan ve üç metreden daha yüksek kısımlarda çalışırken mutlaka güvenlik (emniyet) kemeri kullanılacaktır. Bu gibi yerlerde emniyet kemersiz çalışmak kesinlikle yasaktır.
K113: Sayfa 1 / 12
E116: İÇ EMNİYET YÖNETMELİĞİ
E118: =KAYIT!C1 -> 0
C121: 2.8. Şahsınıza verilen kişisel koruyucu malzemeler iyi ve temiz bir şekilde kullanılacak ve muhafaza edilecektir. 2.9. Beraber çalıştığınız iş arkadaşlarınızı ve işyerinde çalışan diğer çalışanları kazaya uğratmayacak şekilde dikkatlice çalışılacak, bu konuda işe yeni giren personele yardımcı ve yol gösterici olunacaktır. 2.10. İşyerinde çalıştığınız sürece, sivri uçları veya keskin kenarları bulunan malzeme ve artıklar gelişigüzel yerlere atılmayacak ve ortalıkta bulundurulmayacaktır. Bu tür malzemeler, onlar için ayrılmış bölümlerde toplanacaktır. 2.11. İşyerinizde çalıştığınız sürece, kazaya sebep olacak veya çalışanları tehlikeli durumlara düşürecek şekilde malzeme istif edilmeyecek ve araçlar bulunmaları gereken yerden başka yerlere bırakılmayacaktır. 2.12. Çalışanların, yılda bir kez, periyodik sağlık kontrolleri yapılarak, Ağır ve Tehlikeli İşlerde çalışabilir raporları yenilenecektir. 2.13. Kuvvetli rüzgâr alan kısımlarda, yetkili ve sorumluların izni ve haberi olmadan çalışılmayacaktır. 2.14. Yemekhane ve çay ocağı personelinin, üç ayda bir kez, portör muayeneleri yapılacaktır. 2.15. Meydana gelen en ufak iş kazası, işyeri ilgili ve sorumlularına haber verilecektir. 2.16. Sigara içilmesi yasaklanan yerlerde, kesinlikle sigara içilmeyecek, ateşle yaklaşılmayacak, açık alevli cihaz kullanmayacak, kaynak yapılmayacaktır. 2.17. İşyerinde meydana gelecek en küçük bir yangın derhal sorumlu ve ilgilerine haber verilecektir. 2.18. İş makinelerinin üzerinde operatörden başkası bulunmayacaktır. 2.19. İskeleler sağlam malzemelerden yapılacaktır. 2.20. İskeleler, çalışmaya başlamadan önce kontrol edilecek, herhangi bir arıza mevcutsa, durumu sorumlu ve ilgilere haber verilecek ve sorun giderilmeden çalışılmayacaktır. 2.21. İskelede, herhangi bir nedenle kayganlık meydana gelmişse, bu sorun giderildikten, sonra çalışılacaktır. 2.22. İskelelerde korkuluksuz çalışılmayacaktır. 2.23. İskele sökümü yukarıdan aşağıya doğru yapılacaktır. 2.24. İskele sökümü sırasında alt tarafta hiçbir kimse bulundurulmayacaktır. 2.25. Her türlü arıza ve sorun derhal sorumlu ve ilgililere haber verilecektir. 2.26. Arızalı alet, cihaz, makine ve tezgâh kullanmayacaktır. 2.27. Elektrikle ilgili arızalar elektrikçiye, elektrik servisine veya işyeri elektrik sorumlusuna haber verilecektir. 2.28. Elektrik panosu veya tablosunun üzerine, çevresine hiç bir şey koyulmayacaktır. 2.29. Elektrik pano veya tablosu çevresine su dökmek, su sıkmak kesinlikle olarak yasaktır. 2.30. İşyerinin muhtelif kısımlarında bulunan enerji nakil hattına, herhangi bir nedenle yaklaşılmayacak ve dokunulmayacaktır. Ayrıca bu hatlara demir, boru veya buna benzer malzemeler yaklaştırmayacak ve dokundurulmayacaktır. Ölüm tehlikesi vardır. 2.31. Bakım ve Onarım işlerinde; atölye disiplinine riayet etmek şarttır.Alet ve edevat zimmetle alınıp verilecek. Kullandığı alet ve edevatı başkalarına kullanmak üzere vermek veya başkalarından kendine ait olmayan aleti ve edevatı almak yasaktır. 2.32. Arızalı takım ve malzeme kullanmak yasaktır. 2.33. Yüksek yerlere izinsiz çıkmak, gezmek tehlikeli ve yasaktır. 2.34. Kırık ve eskimiş merdiven kullanılmayacaktır.
K170: Sayfa 2 / 12
E173: İÇ EMNİYET YÖNETMELİĞİ
E175: =KAYIT!C1 -> 0
C178: 2.35. Yangın söndürme tüpleri, altı ayda bir periyodik olarak, yetkili servislerce kontrol edilecektir. 2.36. Ağır yük kaldırırken bacaklar bükülecek, yük belinizle değil, bacaklarınızla kaldırılacaktır. 2.37. Yanıcı malzeme, kaynak işlerinden uzak tutulacaktır. 2.38. Boşalan yangın söndürme cihazları doldurulacaktır. 2.39. Gürültülü işlerde çalışanların, yılda bir kez kulak odyogramları çektirilecektir. 2.40. Yılda bir kez elektrik tesisat kontrolü yapılacaktır. 2.41. Yılda bir kez topraklama ölçümleri yapılacaktır. 2.42. Yılda bir kez paratoner kontrolü yapılacaktır. 2.43. Yılda bir kez akaryakıt deposu statik elektrik kontrolü yapılacaktır. 2.44. Yılda bir kez içme ve kullanma suyu analizleri yapılacaktır. 2.45. Kompresörlerin, yetkili kişiler tarafından, yılda bir kez, periyodik kontrol ve testleri yapılacaktır. 2.46. Alkollü olarak işyerine gelmek veya çalışmak kesinlikle yasaktır. 2.47. Kazanların ve basınçlı kapların, yetkili kişiler tarafından, yılda bir kez periyodik kontrolleri ve testleri yapılacaktır. 2.48. İşyerlerinde çalışan alt işverenlerde, iş sağlığı ve güvenliği talimatlarına uymakla yükümlüdürler. 2.49. Ölüm tehlikesi işareti olan yerlere ve ilgili personelden başkasının girmesi yasak olan yerlere müsaadesiz girmek yasaktır. 2.50. Kendi iş mahalli dışındaki işyerlerinde dolaşmak yasaktır. 2.51. Görevli olmadığı halde şalter ve kontrol tablolarına müdahale etmek açmak veya kapamak yasaktır. 2.52. Vinçlere kaldırma gücünden fazla yük vurmak ve çalışırken altlarında durmak tehlikeli ve yasaktır. 2.53. Amirinin haberi olmaksızın, normal çalışma yerleri dışındaki tehlikeli yerlere tamir veya başka amaç ile girmek yasaktır. 2.54. Çalışan iş makinelerinin(Ekskavatör, loder,vb.) etki alanlarına girmek yasaktır. 2.55. Bir yangın vukuunda; a. Telaşlanmayınız. b. Bulunduğunuz yerde yangın ihbar düğmesine basınız veya varsa çançalınız. c. İtfaiye teşkilatına haber vermek için telefon ediniz. d. Yangın yerinin adresini en kısa ve doğru şekilde bildiriniz. e. Mümkün ise yangının cinsini de bildiriniz.(Bina, benzin, motorlu vasıtavs. gibi) f. Yangını çevrenizdekilere ve ilgililere en kısa sürede duyurunuz. g. İtfaiye gelinceye kadar yangını söndürmek için elde mevcut, araç gereç ve imkânlardan faydalanmaya çalışınız, bu işlemleri yaparken kendinizi ve başkalarını tehlikeye atmayınız. h. Yangının yayılmasını önlemek için yanıcı maddeleri yangın mahallinden uzaklaştırınız. i. Görevlilerden başkasının yangın sahasına girmesine mani olunuz. 2.56. Her türlü bakım ve tamir için ilgili amire haber vermeden işe başlanmayacaktır. 2.57. Bakım yapılacak makinelerin kumanda düğmeleri, şalterlerine ve yol vericilerine, “Dikkat bakım var. Yol verme” ikaz ve uyarı levhaları asılacaktır. 2.58. Her türlü kaldırma araçlarının, yetkili makamlara ya da kişilere, üç ayda bir periyodik kontrolleri ve testleri yaptırılacaktır. 2.59. Caraskallar ve Forkliftler hareket halindeyken yanında ve altında durmak yasaktır. 2.60. İşyerinde makine ve aletleri görevlisinden başkasının kullanması yasaktır.
K227: Sayfa 3 / 12
E230: İÇ EMNİYET YÖNETMELİĞİ
E232: =KAYIT!C1 -> 0
C235: 2.61. Makine çalışırken tamirat ve temizlik yapmak yasaktır. 2.62. Presin altına ve üstüne girmek çıkmak (Dururken ve Çalışırken) yasaktır. 2.63. Asit üzerine su dökmeyiniz, tehlikeli ve yasaktır. 2.64. Herhangi bir makinenin normalin üstünde gürültü yapması halinde, makine derhal durdurulacak ve derhal yetkiliye bildirilecektir. 2.65. Yeklinin iznini almadan makinelere ait muhafazalar(koruyucular) çıkartılmayacaktır. 2.66. Elektrikle çalışan aletlerin elektrik kablolarında olacak tahribatları kontrol etmeden çalıştırmak ve görülen anormallikleri elektrikçilere haber vermemek tehlikeli ve yasaktır. 2.67. Göreviniz olmadıkça hiç bir elektrik teline dokunmayınız, tehlikeli ve yasaktır. 2.68. Sigorta ve şalterleri devreden çıkarmadan bakıma başlama, kimseye itimat etme, kendi kontrolünü kendin yap. 2.69. Yüksek ve alçak gerilimin bulunduğu yerlere yaklaşmak tehlikeli ve yasaktır. 2.70. Oksijen ve gaz tüplerini sıcak yerlerde bırakmak veya bu tür yerlerde kullanmak tehlikeli ve yasaktır. 2.71. Oksijen tüplerini sıcaktan ve ateşten koruyunuz, çarpmayın ve düşürmeyin. 2.72. Elektrik kaynak makinesinin gövdesi, kaynak masası veya kaynak yapılan parça topraklanmadan kaynak yapmak yasaktır. 2.73. Kaynak işi bittiği zaman makinenin elektriği kesilecektir. 2.74. Maskesiz kaynak yapmak kesinlikle yasaktır. 2.75. Kaynak yapan kişi etrafındakilerin güvenliğinden sorumludur. 2.76. Yetkilinin izni veya emri olmadan atölye haricinde kaynak veya tamirat yapmak yasaktır. 3.GENEL GÜVENLİK ve ZİYARETÇİLER 3.1.GÜVENLİK GÖREVLİLERİ ÖZEL TALİMATI a. Güvenlik görevlileri kendilerine ait her türlü tesisat ve malzemenin korumasını sağlar. b. Kapı giriş trafiği; Acil durumlar için her zaman araç tahliyesine uygun ve temiz bulunacaktır. c. İşletmeye gelen tüm personeli nezaket kuralları içerisinde karşılayıp ziyaretçilerin tanıtım kartlarını alıp ziyaret edeceği personellere irtibat kurarak ziyaretçi kayıt işlerinin yapılmasını, işletmemizin emniyet, kaide ve kurallarını kısa ve öz olarak hatırlatarak ziyaretçinin emniyetli bir şekilde tesise girmesi ve gitmesi temin edilecektir. d. Tüm araç sürücülerinin trafik kurallarına uymaları için ikaz edilecektir. Bunlar azami hız sınırına, araçların park yeri ve yönleriyle ilgili kurallara uymaları gerekmektedir.Dosyada adı ve adresi bulunan işletmeyeaittüm araçların kullanımında “Araç Kullanma Talimatı” çerçevesinde yürütülmesini sağlamak. e. Acil çıkışlar için kapıların önlerinin kapatılmaması, her an trafiğe açık olmasının sağlanması gerekmektedir. f. Acil durumlarda ne yapacaklarını çok iyi bilecek haberleşmede öncelik sırasına göre ilgililere bildirimin yapılmasını sağlayacaklardır. Mesai haricinde acil durum planını uygulamaya koyacaklardır. g. Durumlarından şüphe ettikleri şahıs veya şahısları en yakın amirlerine bildirerek, tesis içine sızmalarını önleyecek gerektiğinde emniyet birimlerine gerekli ihbarı yapacaktır.h. Fabrika içerisinde ziyaretçi personelin yalnız başına üst düzey yöneticilerin izni olmadan dolaşmasına müsaade edilmeyecektir. i. Fabrika içerisindeki Kaldırma Araçlarının “İndirme Kaldırma Faaliyetleri Kontrol Prosedürü” çerçevesinde sertifikasız kişilerin kullanımlarının engellenmesini sağlayacaktır. j. Mesai saatleri haricinde üst düzey yöneticilerin izni olmadan tesise hiçbir şahsı alamazlar. k. Acil konumlar için haberleşme cihazlarının kontrolünü sürekli yapacaklardır. l. Üst düzey yöneticilerin izni olmadan kapıdan ve görev yerlerinden ayrılmayacaklardır.
K284: Sayfa 4 / 12
E287: İÇ EMNİYET YÖNETMELİĞİ
E289: =KAYIT!C1 -> 0
C292: 3.2. ZİYARETÇİLERLE İLGİLİ TANIMLAR a. Tatil günlerinde fabrikada çalışacak işçilerin isimleri, çalışacağı gün, işyeri amirince bir gün önceden tespit edilir. İsimleri listede olmayanlar Fabrikaya sokulmazlar. b. Tatil günlerinde fabrikaya ziyaret maksadıyla gelen yabancılar fabrikaya kesinlikle sokulmazlar. 3.3. RESMİ ZİYARET VE TEFTİŞLER Fabrikaya inceleme, araştırma soruşturma veya denetim amacıyla gelen Bakanlık müfettişlerine ziyaret amaçları sorulur. Durum İlgili amire bildirilir. Alınan Talimata göre hareket edilir. 4. YANGIN EMNİYETİ 4.1. YANGIN İş yerinde yapılan inceleme sonucunda üç çeşit yangın riskinin bulunduğu anlaşılmıştır. Bunlar; (A) sınıfı yangın ,(B) sınıfı yangın ve (C) sınıfı yangınlardır. (A) SINIFI YANGIN Ahşap kâğıt kumaş odun kömür saman ile doğal örtülerden çıkan yangınlardır. Bu sınıftaki yangınlara su, köpüklü yangın söndürme, CO2 yangın söndürme cihazları ile müdahale etmek gerekir. (B) SINIFI YANGIN Akaryakıt, yağ, boya tiner vb diğer parlayıcı madde yangınlarıdır. Bu tür yangınlara (CO2), köpük ve kuru kimyasal tozlu tip yangın söndürme cihazları ile müdahale edilir. ( C ) SINIFI YANGIN Türlü yanıcı gaz maddelerdir,metan, propan,asetilenLpg, tüpgaz, doğalgaz yangınlarıdır Karbondioksit, köpük,Kuru kimyevi toz kullanılarak söndürülür. (D) SINIFI YANGIN Metal yangınları, sodyum,potasyum,titanyum,mağnezyum, KKT ile söndürülür Elektrik yangınlarıda ayrı bir gurup olarak değerlendirilmekte, öncelikle akım keilir,sonra söndürme işlemi yapılır. 4.2. YANGIN TEKNİK EMNİYET TALİMATI a. Yangını ilk gören kişi yangın alarmını devreye sokarak tüm fabrikaya yangını haber verir. En yakın telefonla İtfaiye’ye, yetkili amirine ve kapıdaki güvenlik görevlisine bildirir. b. Yangın haberini veren kimse her iki yere de kendi ismini ve yangın yerini açıkça heyecana kapılmadan bildirir. c. En yakın yerdeki yangın söndürme cihazı ile yangını söndürme mücadelesine başlanır. d. Kapıdaki güvenlik görevlisi, durumu İşletme Müdürebildirir. Kapıyı kapar yalnız görevlileri içeri alır. e. Fabrika içerisinde teşkil eden ekipte;( söndürme, kurtarma, ilk yardım) isimleri yazılı personel görevlerini ifa ederler. İtfaiye gelince görevlerini itfaiyeye devir ederler ve itfaiyenin emrine girerler. f. Güvenlik görevlileri ve yangın koruma ekibinde görevli personel yangın yerinde bulunan görevlilerden başkalarını yangın yerine sokmazlar.
K341: Sayfa 5 / 12
E344: İÇ EMNİYET YÖNETMELİĞİ
E346: =KAYIT!C1 -> 0
C349: 4.3. YANGINLA MÜCADELEDE DİKKAT EDİLECEK HUSUSLAR a. Yangın söndürme ekibinde olanlar gerekli malzeme ile derhal yangın yerine intikal eder ve söndürme çalışmalarına katılırlar. b. Panik yaratmadan diğer görevliler görev yerlerinde bulunurlar. c. Yanan cisim sıvı değilse, söndürme maddesi doğrudan doğruya yanan cismin üzerine püskürtülürdumana veya aleve püskürtülmez. d. Yanan Parlayıcı bir sıvı ise ateşin sıçramasına mani olmak için yanmakta olan yüzeyin hemen üzerine püskürtülür. e. Ateş döşemeye veya yere sıçramış ise söndürmeye en yakın yerden başlanır. f. Alev bir duvarı kaplamaya başlamışsa söndürmeye dip taraftan başlanır. g. Yangın elektrik kontağından çıkmış ise cereyan kesilmeden su sıkılmaz. h. Yangın söndürmelerde daima rüzgâr arkaya alınır. i. Yangın söndürüldükten sonra daima bir gözcü bırakılır. 4.4. YANGIN KONUSUNDA ALINACAK EMNİYET TEDBİRLERİ a. Binaların İç elektrik tesisatı planı, mümkünse sayacın yanında, camlı dolap içerisinde bulundurulacaktır. b. İç tesisatta değişiklikler yetkili makamın onayından sonra yapılacaktır. c. Binaların iç elektrik tesisatında mümkünse otomatik sigorta kullanılacaktır. d. Elektrik devrelerine kapasitenin üzerinde akım çekecek şekilde cihaz bağlantısı yapılmayacaktır. e. İşyerinde açık buat, uçları açık veya kopuk kablo, izolesi açık kablo bulunmayacaktır. f. Anahtar veya şalter, çıplak kablo bulunmayacak, sigortaların buşonlarına tel bağlanmayacaktır. g. Likit gaz, iş ve hizmet gereği yetkililerce belirlenmiş yerler dışında her ne maksatla olursa olsun kesinlikle kullanılmayacaktır. h. Likit gazın kullanılması zorunlu olan yerlerde gerekli emniyet önlemleri alınacak, ilgililerce sık sık kontrol edilecek ve kullananlar sorumluluk taşıyacaktır. i. LPG tüplerinin ve benzeri basınçlı gaz tüplerinin kaçak kontrolü veya muayeneleri çıplak alev ile yapılmayacak bu gibi kontrollerde sabun veya deterjan köpüğü ile yapılacaktır. j. Likit gaz tüplerinin bağlantılarında mutlaka kelepçe kullanılacaktır. k. Bulundurulmasında zaruret olan yerlerdeki yanıcı parlayıcı ve patlayıcı maddeler ısıdan uzak ve emniyetli kaplar içinde muhafaza edilecektir. l. İşyeri temiz tutulacak kağıt ve benzeri yanıcı maddeler gelişi güzel etrafa atılmayacaktır. m. İş yerinde izin verilen yerler dışında sigara içilmeyecektir. n. Yanan sigara veya sönmemiş sigara izmaritleri, rast gele yerlere, kağıt sepetlerine veya varillerine atılmayacaktır. o. İş yerinde yağlı bez, üstüpü gibi yanıcı parlayıcı madde ihtiva eden atıklar rast gele yere atılmayacak, bunlar madeni çöp kutularında (Atık Yönetimi Prosedürü çerçevesinde hazırlanan konteynerde) toplanacaktır. p. Sürekli çalışılan iş yeri haricinde kaynak ve pürmüz gibi alev ve kıvılcım çıkartan aletler ile herhangi bir çalışma yapılmadan önce mutlaka sıcak iş izni alınacaktır. q. Parlayıcı ve patlayıcı sıvıların ve maddelerin konduğu tank ve depolar ile boru bağlantıları statik elektriğe karşı uygun bir şekilde topraklanacaktır. r. Yangın araç ve gereç ve cihazların her an kullanılmaya hazır olabilmesi ilgililerce sağlanacaktır. s. Yangın cihaz ve malzemeleri kesinlikle yangından başka maksat için kullanılmayacaktır. t. Çalışma saatleri içinde, işyerindeki hiçbir giriş ve çıkış kapısı kilitli veya bağlı olmayacaktır.
K397: Sayfa 6 / 12
E400: İÇ EMNİYET YÖNETMELİĞİ
E402: =KAYIT!C1 -> 0
C405: 5. PARLAYICI PATLAYICI VE ZARARLI MADDELERLE ÇALIŞMA TALİMATI 5.1. İŞ YERİ BİNALARINDA ALINACAK GÜVENLİK ÖNLEMLERİ a. Parlayıcı, patlayıcı, tehlikeli ve zararlı maddelerle çalışılan işyerimizin tabanları, düz, yanmaz sızdırmaz herhangi bir cismin basit çarpmasıyla kıvılcım çıkarmayacak şekilde beton malzemeden yapılmış ve kolay temizlenebilir tarzda inşa edilmiştir. b. Kullanılan maddelerin, kimyasal bir olay sonucunda işyeri tabanını aşındırıp tahrip etmesi veya parlayıcı, tehlikeli ve zararlı gaz ve dumanlar meydana getirmesi önlenecektir. c. Tabanda yangın söndürme cihazlarının vereceği fazla su ve kimyasal maddelerin ve işyerindeki bütün sıvıların giriş eşiklerinden taşmasını önleyecek şekilde toplanmasını ve arıtmaya götürülmesini sağlayacak drenaj sistemi bulunacaktır. d. Tesisimizin her hangi bir tehlike durumunda işçiler tarafından derhal boşaltılabilecek şekilde tertiplenmiştir. e. İnşaat bakım onarım işlerine başlanmadan önce aşağıdaki tedbirler mutlak suretle alınacaktır. f. İş kısmen veya tamamen durdurulacaktır. g. Departmanda bulunan bütün parlayıcı, patlayıcı tehlikeli ve zararlı maddelerle, bunların bileşimlerine giren diğer maddeler tehlikeli bölgenin dışına çıkarılacaktır. h. Onarılacak kısım bütün parlayıcı, patlayıcı, tehlikeli ve zararlı maddelerin artıklarından ve bulaşıklarından usulüne göre uygun olarak tamamen temizlenecektir. i. İnşaat, bakım ve onarım; teknik yetkili ve sorumlu bir elemanın devamlı nezaretince sağlanacaktır. 5.2. ELEKTRİK TESİSATINDA ALINACAK GÜVENLİK TEDBİRLERİ a. Parlayıcı gaz veya buharların havaya karışması ile patlama tehlikesi bulunan yerlerdeki elektrik alet ve teçhizatı tehlike alanının dışına kurulacaktır. b. Mekanik bir etkiye maruz kalması muhtemel olan yerlerde zırhlı kablolar kullanılacaktır. c. Kablo uçları neme karşı bu tip iletkenlere özgü alev geçirmez şekilde ve özel kapaklarla tecrit edilecektir. d. Sık sık bakıma ihtiyaç gösteren elektrik teçhizatını devreden tamamen ayırma olanağı sağlanacaktır. e. Parlayıcı bir ortamda akım kesici tertibat, kumanda ettiği makine veya cihazın hemen bitişiğinde bulunmadığı hallerde, bunların kontrol, bakım veya onarım sırasında beklenmedik bir anda, gerilim altında kalmasını önlemek için gerekli tedbirler önceden alınacaktır. f. İşyerinde kullanmakta olduğumuz tüm makinelerin gövde topraklaması mutlak suretle olacak ve bunlar kesinlikle sökülmeyecektir. g. Seyyar elektrik cihazları hiçbir şekilde tehlikeli ortamlarda kullanılmayacaktır. 5.3. ÇALIŞMA YERİNDE ALINACAK GÜVENLİK TEDBİRLERİ a. Geniş bir alana yayılmış tesisimiz duvar ile çevrilmiş geceleri uygun bir şekilde aydınlatılması sağlanmış durumdadır. Güvenlik görevlileri gece ve gündüz bu alanları gözetleyeceklerdir. b. Parlayıcı, patlayıcı ve tehlikeli işler genellikle meskûn yerler dışında veya tecrit edilmiş bina ve mahallerde, mümkün olduğu kadar az işçi ile kapalı bir sistem içinde, tekniğin icaplarına göre gerekli tedbirler alınarak yapılmaktadır. c. Tesisimizin güvenlik alanı içerisinde, kızgın veya akkor halinde cisimler ile parlayabilecek veya yangın doğurabilecek her türlü maddenin taşınması ve kullanılması yasaktır. d. Yıldırım tesisatı faal olarak çalıştırılacaktır. Ayrıca denetimi aralıklarla kontrol edilecektir. Yıldırım sisteminin tertibatı kesinlikle kurcalanmayacak ve yetkilisi dâhilinde müdahale
K454: Sayfa 7 / 12
E457: İÇ EMNİYET YÖNETMELİĞİ
E459: =KAYIT!C1 -> 0
C462: yapılmayacaktır. e. İşyerimizde belirli standartlarda ve ölçülerde bulunan yangın söndürücüler mevcuttur. Bu tüpler kullanılmadan önce karışımı sağlayacak şekilde çalkalanmalı ve kesinlikle yerleri değiştirilmemelidir. f. Parlayıcı patlayıcı tehlikeli ve zararlı maddelerin işlendiği tesisimizin Atık Yönetimi Planına harfiyen uyulacaktır. 5.4. ZEHİRLEYİCİ TAHRİŞ EDİCİ VE ZARARLI SIVI VEYA GAZ HALDEKİ MADDELER İLE ÇALIŞMALARDA ALINACAK GENEL GÜVENLİK TEDBİRLERİ a. Zehirleyici, tahriş edici ve zararlı sıvıların kullanıldığı tesisimizde kullanma sırasında meydana gelen gaz ve dumanlardan korunmak için gerekli tertibat yapılmış ve çalışanlara kişisel koruyucuları verilmiştir. b. Basınçla sevk edilen zehirleyici, tahriş edici ve zararlı sıvı veya gazları taşımaya yarayan borulardan kaçan sıvı veya gaz zararsız hale getirilmeden dışarı atılmayacaktır. c. Zehirleyici, tahriş edici ve zararlı dumanların, sislerin veya buharların çıkması hallerinde çalışanlarımız koruyucu solunum araçlarını mutlak suretle kullanacaklardır. d. Zehirleyici, tahriş edici ve zararlı sıvı ile bulaşmış iş elbiseleri hemen çıkarılacak cilt iyice yıkandıktan sonra yedek iş elbisesi giyilecektir. e. Çalışanlarımız; Zehirleyici, tahriş edici ve zararlı sıvıların içine ellerini kesinlikle sokmayacaklardır. f. Zehirleyici, tahriş edici ve zararlı sıvıların veya gazların konulduğu tanklar bidonlar variller uygun olarak muhafaza edilecektir. 5.5. SOLVENTLERE KARŞI ALINACAK ÖNLEMLER 5.5.1. SAĞLIK VE GÜVENLİK ÖNLEMLERİ 5.5.1.1. SAĞLIK ÖNLEMLERİ a. Çalışanlarımız; zararlı kimyasallara karşı mutlak suretle koruyucu maskelerini takacaklardır. b. Kullanılan solventlerin deriden emilebilme ve dermatit gibi rahatsızlıklara yol açabilecek özellikleri unutulmamalı, bu yüzden elleri koruyan koruyucu eldivenler mutlak suretle giyilmelidir. 5.5.1.2. GÜVENLİK ÖNLEMLERİ YANGIN VE PATLAMA a. Kolay tutuşabilir solvent buharının tehlikeli konsantrasyonlarının oluşturmaması için bunların çıkış yerinde uygun havalandırma tertibatı sağlanacaktır. b. Solvent kullanılan yerlerde kolay tutuşabilir buhar karışımları oluştuğu unutulmayacak buralarda açık alevli hiçbir cihaz kullanılmayacaktır. 6. MEYDAN VE BAHÇELERDE ÇALIŞMA VE BAKIM TALİMATI a. Günün her saatinde meydan ve yolların temizliğini yapınız. b. Topladığınız çöp ve pislikleri çöp varillerine atarken, metal parçalarını ve kâğıt atıklarını ayırarak ilgili Atık Yönetimi Prosedürü gereği hazırlanan konteynıra atınız. c. Atık yerlerinde yeteri kadar çöp konteynırı bulundurunuz. Çöp konteynırları kullanmayacak durumda ise üretim müdürüne bildirip yenisi ile değiştiriniz. d. Çöp konteynırı içerisinde kesinlikle kâğıtve benzeri atıkları yakmayınız.
K511: Sayfa 8 / 12
E514: İÇ EMNİYET YÖNETMELİĞİ
E516: =KAYIT!C1 -> 0
C518: e. Çalışanlarımız, Atık yönetim planına mutlak suretle uyacaktır. f. Görev anında mevsim koşullarına göre verilen giyim eşyasını ve koruyucu malzemeyi mutlak suretle kullanınız. 6.1. MUTFAK VE YEMEKHANEDE ÇALIŞMA VE TEKNİK EMNİYET TALİMATI a. Günün son yemek servisinden sonra, yemekhaneyi deterjanlı ılık su ile bol köpüklü olarak yıkayınız. b. Yıkadıktan sonra havalandırınız. c. Temizlik yapıldıktan sonra yemekhane tabanını kuru bulundurun. d. Yemek dağıtım tezgâhını sürekli temiz ve çalışır durumda bulundurun. e. Yemek dağıtım sırasında başkalarını davranış ve sözleriyle rahatsız edenleri nazik bir şekilde uyarınız. f. Yemekhanenin günlük yemek ve çöp atıklarını günü gününe çöp konteynırına atınız ve burada kokuşmasını önleyiniz. g. Yemek servis malzemelerini sağlık koşullarına uygun bir şekilde temiz bulundurunuz. h. Sık aralıklarla pencerelerin sinek tellerini kontrol ediniz. 7. MUTFAK PERSONELİNİN DİKKAT ETMESİ GEREKEN HUSUSLAR a. Verilen giyim eşyasını ve koruyucu malzemeyi temiz tutunuz. b. Beden temizliğine dikkat ediniz. c. Verilen görevi titizlikle yapınız. d. Yemeği Sağlık koşullarına uygun olarak nefis ve temiz yapınız. e. Bulaşık yerini temiz ve düzenli bulundurunuz. 8. SOYUNMA VE YIKANMA YERLERİ ÇALIŞMA TALİMATI a. İşe giriş ve çıkışlardan sonra salon, tuvalet ve duş bölmelerini bol su ile yıkayarak paspas yapınız. b. Yerlerin günün her saatinde kuru olmasını sağlayınız. c. Bozuk musluk, duş bataryası, vana ve kırık cam varsa ilgililere haber veriniz. d. Duş ve tuvaletleri çalışır ve temiz bulundurunuz. e. Sıcak ve soğuk su akmıyor ise ilgililere haber veriniz. f. Günlük toplanan çöp ve atıkları ilgili çöp konteynerine dökünüz. g. Soyunma dolaplarını kapalı ve düzenli tutunuz. h. Soyunma dolaplarının üzerinde bir şey bulundurmayınız. i. Soyunma yerinin kapısını belirtilen saatler dışında kapalı tutunuz. j. Verilen giyim eşyasını, koruyucu malzemeleri ve havlularınızı temiz tutunuz. 9. SERVİS ARAÇLARI TALİMATI (Sözleşme karşılığı hizmet veren servis Araçları da dâhildir.) a. Servis araçları işçileri evlerine taşımalarında, evlerinden tesisimize taşınmalarında yönetim tarafından daha önce belirtilen noktalar dışında işçi indirme bindirmesi yapılmayacaktır. b. Servis yaparken araca binen işçiler kontrol edilip kapılar kapatıldıktan sonra hareket edilecek,durma noktalarında araç tamamen durmadan kapılar açılmayacaktır. c. Serbest Bölge sahasında azami hız 30 km’dir. d. Servis şoförleri şehir içi ve şehirlerarası yollarda trafik kurallarına eksiksiz riayet edeceklerdir.Trafik kurallarına riayet edilmemesinden doğan trafik cezaları şoförlerin kendisi tarafınca ödenecektir.
K567: Sayfa 9 / 12
E570: İÇ EMNİYET YÖNETMELİĞİ
E572: =KAYIT!C1 -> 0
C575: e. Araçlar işletme personeli dışında yabancı kimse kesinlikle bindirilmeyecektir. f. Servis araçlarında yangın söndürme tüpleri ve ilk yardım çantaları bulundurulacaktır. g. Servis araçları içinde ve bagajında parlayıcı ve patlayıcı zararlı madde taşınmayacaktır. h. Hareket halindeki araçlara pencere ve kapılardan işçilerin sarkmasına izin verilmeyecektir. i. Yukarıda belirtilen kurallara uymayan şoför ve yardımcılarını bir daha ikaz edilmeden tazminatsız olarak iş akitleri ya da sözleşmeleri fes edilecektir. 10. FORKLİFT KULLANMA EMNİYET TALİMAT a. Eğitilmemiş, kullanım belgesi olmayan kişiler kesinlikle Forkliftler kullanmamalıdır. b. Yayaların bulunduğu yerlerde özellikle dikkatli olunmalıdır. Gerek operator gerekse yayaların trafik kurallarına uyması gereklidir. c. Genel kaide SAĞDAN GİT dir. Fakat özellikle tek yönlü yollarda, geçitlerde, makina aralarında ön kısım açıkça görülüyor ise orta yolu izlemek bazen daha emindir. d. Kapılardan geçerken durulmalı korna çalınmalı ve yavaş geçilmelidir. e. Eğer uygun bir şekilde korunmamışsa esnek boruların ve kabloların üzerinden geçilmemelidir. f. Fren yaparken dikkatli olunmalıdır. Yüklü halde ani ve sert fren yükün düşmesine veya forkliftin devrilmesine neden olabilir. g. Mümkün olan her durumda forklift çatalları yerden 15 cm yukarıda ve arkaya hafifçe eğilmiş olarak sürülmelidir. Takla atma tehlikesine karşı çatallar gerekli olandan daha fazla yukarıda tutulmamalıdır. h. Eğer yanınızda insan varsa herhangi bir yükü kaldırmayın. Önce kişiyi oradan uzaklaştırın. i. Kaldırdığınız bir yükün altından geçmek isteyenleri durdurun. j. Eğer kaldırılması gereken yük uygun değilse derhal amirinize bildirin. k. Operatör çok kısa bir sure için bile forklifti terk etse park freni çekilmeli ve çatalları aşağıya indirilmelidir. l. Islak ve yağlı ellerle kesinlikle forklift kullanmayın. 10.1. HER VARDİYA BAŞINDA FORKLİFTTE YAPILACAK KONTROLLER a. Lastik basıncı kontrol edilir. Gerekirse şişirilir. Çünkü uygun basınçta olmayan tekerlekler yükün dengesini bozabilir. b. El ve ayak frenlerinin etkili çalışıp çalışmadığı kontrol edilmelidir. Eğer Frenler iyi çalışmıyor ise forklift kullanılmamalı, gerekli bakım ve onarımı yaptırılmalıdır. c. Korna, farlar, akaryakıt, su ve yağ kontrolü yapılmalıdır. d. Akülü forkliftlerde akünün şarjı kontrol edilmelidir. e. Kaldırma, eğme sistemlerinin çalışması hidrolik sisteminin aşırı yağ kaçırıp kaçırmadığı kontrol edilmelidir. 11. ELEKTRİK KULLANILAN KAYNAK İŞLERİNDE GÜVENLİK TALİMATI a. Elektrik kaynak makinaları ve teçhizatı yalıtılmış ve topraklanmış, kaynak penseleri kabzalı ve dış yüzeyleri yalıtılmış olacaktır. b. Elektrik kaynak makinalarının şalteri makina üzerinde veya çok yakınında bulunacak, kablolar sağlam şekilde tespit edilmiş olacaktır. c. Otomatik veya yarı otomatik dikiş ve punta kaynağı makinalarında operasyon noktasına kapalı koruyucu yapılacak veya çift el kumanda usulü uygulanacaktır. d. Beslenme ve kaynak kabloları üzerinden taşıt geçmesi halinde zedelenmeyecek ve bozulmayacak şekilde korunacaktır. e. Yanıcı maddeler yanında elektrik kaynağı yapılmayacaktır.
K624: Sayfa 10 / 12
E627: İÇ EMNİYET YÖNETMELİĞİ
E629: =KAYIT!C1 -> 0
C632: f. Elektrik kaynak makinasının şebeke bağlantısındaki şalter bütün kutupları kesecektir. g. Elektrik kaynak makinalarının temizlenmesi, tamir ve bakımı veya yerinin değiştirilmesi sırasında makinalar şebekeden ayrılıp elektriği kesilecektir. h. Kazanlar gibi kapalı ve dar hacimlerle aynı zamanda nemli yerlerdeki kaynak çalışmalarında yalnız doğru akım kullanılacaktır. i. Elektrik kaynak veya kesme makinalarında kullanılan elektojen grupları, elektrik redresörleri veya transformatörleri ile bunların gerilim altındaki yalıtılmamış kısımları dokunmalara karşı korunmuş ve elektrik kaynak makinalarının metal çerçeveleri uygun şekilde topraklanmış olacaktır. j. Elektrik kaynak ve kesme makinalarının çıkış uçlarının veya kaynak devrelerinin birer kutbu kaçak akımlara karşı iş parçasında topraklanmış olacaktır. k. Akımı sağlayan kablo uçlarının bağlantı noktası ve elektrot pensleri yalıtılmış ve kaynak ısısına karşı elektrot pensleri uygun şekilde korunmuş olacaktır. 12. BAKIM ONARIM İŞLERİNDE TEKNİK EMNİYET TALİMATI a. İşyerimizde çalışanlar; bina, tesis ve tezgahlarda, donanımlarda alet ve takımlarda göreceği noksan yada sakıncalı durumu amirlerine bildirecek, görevliler yada görevlendirilenler bu kusurları en kısa sürede giderecektir. b. Bakım onarım işlerinin yapılması için makine veya tesisteki koruyucu düzeneğin kaldırılması halinde, onarım işlerinden sorumlu kişi, onarılan makine, cihaz veya tesisatın çalışmasına izin vermeden önce, koruyucu düzeneğin uygun şekilde yeniden yerine konulması sağlanacaktır. c. Bakım ve Onarım işlerinde uygun ve yeterli aydınlatma sağlanacaktır. d. Bina ve tesisatta yapılacak bakım onarım işlerinde geçici olarak uygun ve güvenli sabit merdivenler, platformlar, geçit ya da iskeleler yapılacak bunlarla alakalı gerekli güvenlik önlemleri alınacaktır. e. Basınçlı kaplar basınç altındayken onarılmayacaktır. f. Sakıncalı gaz, buhar ya da sislerin oluşabileceği tank, depo ve borular da yapılacak onarım ve temizlik işlerinde çalışanlar uygun kişisel koruyucular kullanacaklardır. g. Bakım ve onarıma alınmış tezgâh, cihaz vs. bakım ve onarım süresince kumanda aksamı(kol, şalter) üzerine “Dikkat Çalıştırmayınız” şeklinde uyarı levhaları bulunacaktır. h. Gerekli bilgi ve beceri ve deneyimi olmayanlar bakım onarım işinde çalışmayacaktır. i. İşyerinin genel çalışma ve teknik emniyet talimatına uyulacaktır. 13. KAPALI ATÖLYEDE TEKNİK EMNİYET TALİMATI a. İlgili olduğunuz tezgâh ve makinelerin çalışma ve teknik emniyet açısından kontrollerini yapmadan işe başlamayınız. b. Zorunlu olmadıkça görev yerinizi terk etmeyiniz. Zorunlu hallerde amirinizin izni ile görev yerinizden ayrılınız. c. Tezgâhlarınızın arızası ve ayarları halinde kendiniz müdahale etmeyiniz. Amirlerinizi ve bakımcıları haberdar ediniz. d. Elektrik kablolarına, şaltere yağ ve tiner sürmemeye dikkat ediniz. e. Vardiya çalışması halinde tezgah ve makinelerle ilgili değişiklik ve arızaları teslim alan vardiya amirinize yazı ile bildiriniz. f. İş bitiminde tüm tezgahların panolarından ana şalteri kapatınız. g. Parlayıcı maddeleri tezgâh civarında bırakmayınız. h. Seri imalat tezgahlarının basınçlı hava ile temizlenmesinde mutlaka koruyucu gözlük kullanınız.
K681: Sayfa 11 / 12
E684: İÇ EMNİYET YÖNETMELİĞİ
E686: =KAYIT!C1 -> 0
C689: i. Sorumlu olduğunuz tezgah yada makineyi çalışır durumda bırakarak görev yerinizden ayrılmayınız. Ayrıca bir başkasının tezgah yada makinesini çalıştırmayınız. j. Bor yağı ve makine yağlarının deri üzerinde tahriş edici ve iltihaplanma etkileri nedeniyle bu gibi maddelerle çalışmalarda genel temizlik kurallarına özellikle riayet ediniz. k. Tezgah ve makine üzerinde bulunan emniyet switchlerini gereksiz olarak kesinlikle devre dışı bırakmayınız. l. Tezgahlarda bakım onarım çalışmasına başlamadan önce tezgâh üzerine DİKKAT BAKIM VAR levhasını asınız. 14. VİNÇ KULLANIMI İLE İLGİLİ TEKNİK EMNİYET TALİMATI a. Maksimum taşıma kapasitesini bir levhaya yazarak bunu vincin üzerine asınız. Vinci kapasite dışı yüklemeyiniz. Mümkünse yüklerin üzerine boya ile ağırlıklarını yazınız. b. Kancayı yük arabasıyla yükün tam ağırlık merkezine getirerek bağlayınız, yükü düşey olarak kaldırınız. c. Yük bağlayıcı personel yükleme araçlarının intizamından ve yükün muntazam bir şekilde taşınmasından sorumludur. d. Yük indirme ve nakletmede sert, ani geçişler yapmayınız. Yükün tambur yuvasına oturmadan yükü kaldırmayınız. e. Yükü uzun süre askıda tutmayınız. f. Vinç kapasitesine yakın ağırlık kaldırırken 5-10 cm kaldırarak frenleri kontrol ediniz. g. Tozsuz yerde çalışan vinç, halat ve sapanlarını yağlayınız. h. Vincin günlük, haftalık, aylık, üç aylık ve altı aylık bakımlarını aksatmayınız.
C719: İş Güvenliği Uzmanı | H719: İşveren / İ.Vekili
C720: =KAYIT!C8 -> 0 | H720: =KAYIT!C7 -> 0
K738: Sayfa 12 / 12

Sheet ÇALIŞAN TEMSİLCİSİ
B2: İŞ SAĞLIĞI ve GÜVENLİĞİ ÇALIŞAN TEMSİLCİSİ ATAMASI
B7: İşyeri Unvanı | E7: =KAYIT!C1 -> 0 | J7: Hazırlama/ Güncelleme Tarihi | L7: =KAYIT!E10
B9: İşyeri Sicil No | E9: =KAYIT!C3 -> 0
C13: Konu: İş Sağlığı ve Güvenliği çalışmalarında görev almak üzere Çalışan Temsilcisi atanması
C15: 30.06.2012 tarih ve 6331 nolu İş Sağlığı ve Güvenliği Kanunu gereği iş sağlığı ve güvenliği ile ilgili konularda şirket çalışanlarını temsil etmek üzere aşağıdaki ilgili çalışanlar ilgili görevlere atanmıştır.
C19: Çalışan temsilcisinin yetki ve yükümlülüğü;
C22: (1) Çalışan temsilcisi; iş sağlığı ve güvenliği ile ilgili çalışmalara katılma, çalışmaları izleme, tehlike kaynağının yok edilmesi veya tehlikeden kaynaklanan riskin azaltılması için tedbir alınmasını isteme, tekliflerde bulunma ve benzeri konularda çalışanları temsil etmeye yetkilidir.
C26: (2) Görevini yürütmesi nedeniyle, çalışan temsilcisinin hakları kısıtlanamaz.
C28: (3) Çalışan temsilcisi görevi gereği işverenin veya işyerinin mesleki sırları ile gördüğü, öğrendiği hususları ve çalışanlara ait özel bilgileri gizli tutmakla yükümlüdür.
D32: Çalışmalarınızda başarılar dilerim.
C35: ADI SOYADI | F35: TC | H35: GÖREVİ | J35: İMZA
C36: =KAYIT!C10 -> 0 | F36: =KAYIT!G10 -> 0 | H36: Çalışan Baş Temsilcisi
C38: =KAYIT!C11 | F38: =KAYIT!G11
G40: =KAYIT!$B$11 -> Çalışan Temsilcisi
B45: REVİZYON NO : | F45: H A Z I R L A Y A N İş Güvenliği Uzmanı | J45: O N A Y L A Y A N İşveren / İ.Vekili
B46: REVİZYON TARİHİ : | F46: =KAYIT!C8 -> 0 | J46: =KAYIT!C7 -> 0
B47: SAYFA NO :
B51: İŞ SAĞLIĞI ve GÜVENLİĞİ ÇALIŞAN TEMSİLCİSİ EĞİTİM NOTLARI
D56: ÇALIŞAN TEMSİLCİSİ EĞİTİM NOTLARI
D57: 6331 sayılı İş Sağlığı ve Güvenliği Kanunu
C59: Tanımlar
C60: MADDE 3:
C61: c) Çalışan temsilcisi: İş sağlığı ve güvenliği ile ilgili çalışmalara katılma, çalışmaları izleme, tedbir alınmasını isteme, tekliflerde bulunma ve benzeri konularda çalışanları temsil etmeye yetkili çalışanı,
C63: ç) Destek elemanı: Asli görevinin yanında iş sağlığı ve güvenliği ile ilgili önleme, koruma, tahliye, yangınla mücadele, ilk yardım ve benzeri konularda özel olarak görevlendirilmiş uygun donanım ve yeterli eğitime sahip kişiyi,
C67: Çalışmaktan kaçınma hakkı
C68: MADDE 13 (1) Ciddi ve yakın tehlike ile karşı karşıya kalan çalışanlar kurula, kurulun bulunmadığı işyerlerinde ise işverene başvurarak durumun tespit edilmesini ve gerekli tedbirlerin alınmasına karar verilmesini talep edebilir. Kurul acilen toplanarak, işveren ise derhâl kararını verir ve durumu tutanakla tespit eder. Karar, çalışana ve çalışan temsilcisine yazılı olarak bildirilir. (2) Kurul veya işverenin çalışanın talebi yönünde karar vermesi hâlinde çalışan, gerekli tedbirler alınıncaya kadar çalışmaktan kaçınabilir. Çalışanların çalışmaktan kaçındığı dönemdeki ücreti ile kanunlardan ve iş sözleşmesinden doğan diğer hakları saklıdır. (3) Çalışanlar ciddi ve yakın tehlikenin önlenemez olduğu durumlarda birinci fıkradaki usule uymak zorunda olmaksızın işyerini veya tehlikeli bölgeyi terk ederek belirlenen güvenli yere gider. Çalışanların bu hareketlerinden dolayı hakları kısıtlanamaz. (4) İş sözleşmesiyle çalışanlar, talep etmelerine rağmen gerekli tedbirlerin alınmadığı durumlarda, tabi oldukları kanun hükümlerine göre iş sözleşmelerini feshedebilir. Toplu sözleşme veya toplu iş sözleşmesi ile çalışan kamu personeli, bu maddeye göre çalışmadığı dönemde fiilen çalışmış sayılır. (5) Bu Kanunun 25 inci maddesine göre işyerinde işin durdurulması hâlinde, bu madde hükümleri uygulanmaz. Çalışanların bilgilendirilmesi MADDE 16 c) Risk değerlendirmesi, iş sağlığı ve güvenliği ile ilgili koruyucu ve önleyici tedbirler, ölçüm, analiz, teknik kontrol, kayıtlar, raporlar ve teftişten elde edilen bilgilere, destek elemanları ile çalışan temsilcilerinin ulaşmasını sağlar Çalışanların eğitimi MADDE 17 (1) İşveren, çalışanların iş sağlığı ve güvenliği eğitimlerini almasını sağlar. Bu eğitim özellikle; işe başlamadan önce, çalışma yeri veya iş değişikliğinde, iş ekipmanının değişmesi hâlinde veya yeni teknoloji uygulanması hâlinde verilir. Eğitimler, değişen ve ortaya çıkan yeni risklere uygun olarak yenilenir, gerektiğinde ve düzenli aralıklarla tekrarlanır. (2) Çalışan temsilcileri özel olarak eğitilir. (3) Mesleki eğitim alma zorunluluğu bulunan tehlikeli ve çok tehlikeli sınıfta yer alan işlerde, yapacağı işle ilgili mesleki eğitim aldığını belgeleyemeyenler çalıştırılamaz.
L97: Sayfa 1/10
B100: İŞ SAĞLIĞI ve GÜVENLİĞİ ÇALIŞAN TEMSİLCİSİ EĞİTİM NOTLARI
C105: (4) İş kazası geçiren veya meslek hastalığına yakalanan çalışana işe başlamadan önce, söz konusu kazanın veya meslek hastalığının sebepleri, korunma yolları ve güvenli çalışma yöntemleri ile ilgili ilave eğitim verilir. Ayrıca, herhangi bir sebeple altı aydan fazla süreyle işten uzak kalanlara, tekrar işe başlatılmadan önce bilgi yenileme eğitimi verilir. (5) Tehlikeli ve çok tehlikeli sınıfta yer alan işyerlerinde; yapılacak işlerde karşılaşılacak sağlık ve güvenlik riskleri ile ilgili yeterli bilgi ve talimatları içeren eğitimin alındığına dair belge olmaksızın, başka işyerlerinden çalışmak üzere gelen çalışanlar işe başlatılamaz. (6) Geçici iş ilişkisi kurulan işveren, iş sağlığı ve güvenliği risklerine karşı çalışana gerekli eğitimin verilmesini sağlar. (7) Bu madde kapsamında verilecek eğitimin maliyeti çalışanlara yansıtılamaz. Eğitimlerde geçen süre çalışma süresinden sayılır. Eğitim sürelerinin haftalık çalışma süresinin üzerinde olması hâlinde, bu süreler fazla sürelerle çalışma veya fazla çalışma olarak değerlendirilir. Çalışanların görüşlerinin alınması ve katılımlarının sağlanması MADDE 18 (1) İşveren, görüş alma ve katılımın sağlanması konusunda, çalışanlara veya iki ve daha fazla çalışan temsilcisinin bulunduğu işyerlerinde varsa işyeri yetkili sendika temsilcilerine yoksa çalışan temsilcilerine aşağıdaki imkânları sağlar: a) İş sağlığı ve güvenliği ile ilgili konularda görüşlerinin alınması, teklif getirme hakkının tanınması ve bu konulardaki görüşmelerde yer alma ve katılımlarının sağlanması. b) Yeni teknolojilerin uygulanması, seçilecek iş ekipmanı, çalışma ortamı ve şartlarının çalışanların sağlık ve güvenliğine etkisi konularında görüşlerinin alınması. (2) İşveren, destek elemanları ile çalışan temsilcilerinin aşağıdaki konularda önceden görüşlerinin alınmasını sağlar: a) İşyerinden görevlendirilecek veya işyeri dışından hizmet alınacak işyeri hekimi, iş güvenliği uzmanı ve diğer personel ile ilk yardım, yangınla mücadele ve tahliye işleri için kişilerin görevlendirilmesi. b) Risk değerlendirmesi yapılarak, alınması gereken koruyucu ve önleyici tedbirlerin ve kullanılması gereken koruyucu donanım ve ekipmanının belirlenmesi. c) Sağlık ve güvenlik risklerinin önlenmesi ve koruyucu hizmetlerin yürütülmesi. ç) Çalışanların bilgilendirilmesi. d) Çalışanlara verilecek eğitimin planlanması. (3) Çalışanların veya çalışan temsilcilerinin, işyerinde iş sağlığı ve güvenliği için alınan önlemlerin yetersiz olduğu durumlarda veya teftiş sırasında, yetkili makama başvurmalarından dolayı hakları kısıtlanamaz. Çalışanların yükümlülükleri MADDE 19 (1) Çalışanlar, iş sağlığı ve güvenliği ile ilgili aldıkları eğitim ve işverenin bu konudaki talimatları doğrultusunda, kendilerinin ve hareketlerinden veya yaptıkları işten etkilenen diğer çalışanların sağlık ve güvenliklerini tehlikeye düşürmemekle yükümlüdür. (2) Çalışanların, işveren tarafından verilen eğitim ve talimatlar doğrultusunda yükümlülükleri şunlardır: a) İşyerindeki makine, cihaz, araç, gereç, tehlikeli madde, taşıma ekipmanı ve diğer üretim araçlarını kurallara uygun şekilde kullanmak, bunların güvenlik donanımlarını doğru olarak kullanmak, keyfi olarak çıkarmamak ve değiştirmemek.
L146: Sayfa 2/10
B149: İŞ SAĞLIĞI ve GÜVENLİĞİ ÇALIŞAN TEMSİLCİSİ EĞİTİM NOTLARI
C154: b) Kendilerine sağlanan kişisel koruyucu donanımı doğru kullanmak ve korumak. c) İşyerindeki makine, cihaz, araç, gereç, tesis ve binalarda sağlık ve güvenlik yönünden ciddi ve yakın bir tehlike ile karşılaştıklarında ve koruma tedbirlerinde bir eksiklik gördüklerinde, işverene veya çalışan temsilcisine derhal haber vermek. ç) Teftişe yetkili makam tarafından işyerinde tespit edilen noksanlık ve mevzuata aykırılıkların giderilmesi konusunda, işveren ve çalışan temsilcisi ile iş birliği yapmak. d) Kendi görev alanında, iş sağlığı ve güvenliğinin sağlanması için işveren ve çalışan temsilcisi ile iş birliği yapmak. Çalışan temsilcisi MADDE 20 (1) İşveren; işyerinin değişik bölümlerindeki riskler ve çalışan sayılarını göz önünde bulundurarak dengeli dağılıma özen göstermek kaydıyla, çalışanlar arasında yapılacak seçim veya seçimle belirlenemediği durumda atama yoluyla, aşağıda belirtilen sayılarda çalışan temsilcisini görevlendirir: a) İki ile elli arasında çalışanı bulunan işyerlerinde bir. b) Ellibir ile yüz arasında çalışanı bulunan işyerlerinde iki. c) Yüzbir ile beşyüz arasında çalışanı bulunan işyerlerinde üç. ç) Beşyüzbir ile bin arasında çalışanı bulunan işyerlerinde dört. d) Binbir ile ikibin arasında çalışanı bulunan işyerlerinde beş. e) İkibinbir ve üzeri çalışanı bulunan işyerlerinde altı. (2) Birden fazla çalışan temsilcisinin bulunması durumunda baş temsilci, çalışan temsilcileri arasında yapılacak seçimle belirlenir. (3) Çalışan temsilcileri, tehlike kaynağının yok edilmesi veya tehlikeden kaynaklanan riskin azaltılması için, işverene öneride bulunma ve işverenden gerekli tedbirlerin alınmasını isteme hakkına sahiptir. (4) Görevlerini yürütmeleri nedeniyle, çalışan temsilcileri ve destek elemanlarının hakları kısıtlanamaz ve görevlerini yerine getirebilmeleri için işveren tarafından gerekli imkânlar sağlanır. (5) İşyerinde yetkili sendika bulunması hâlinde, işyeri sendika temsilcileri çalışan temsilcisi olarak da görev yapar. İş sağlığı ve güvenliği kurulu MADDE 22 (1) Elli ve daha fazla çalışanın bulunduğu ve altı aydan fazla süren sürekli işlerin yapıldığı işyerlerinde işveren, iş sağlığı ve güvenliği ile ilgili çalışmalarda bulunmak üzere kurul oluşturur. İşveren, iş sağlığı ve güvenliği mevzuatına uygun kurul kararlarını uygular. (2) Altı aydan fazla süren asıl işveren-alt işveren ilişkisinin bulunduğu hallerde; a) Asıl işveren ve alt işveren tarafından ayrı ayrı kurul oluşturulmuş ise, faaliyetlerin yürütülmesi ve kararların uygulanması konusunda iş birliği ve koordinasyon asıl işverence sağlanır. b) Asıl işveren tarafından kurul oluşturulmuş ise, kurul oluşturması gerekmeyen alt işveren, koordinasyonu sağlamak üzere vekâleten yetkili bir temsilci atar. c) İşyerinde kurul oluşturması gerekmeyen asıl işveren, alt işverenin oluşturduğu kurula iş birliği ve koordinasyonu sağlamak üzere vekâleten yetkili bir temsilci atar. ç) Kurul oluşturması gerekmeyen asıl işveren ve alt işverenin toplam çalışan sayısı elliden fazla ise, koordinasyonu asıl işverence yapılmak kaydıyla, asıl işveren ve alt işveren tarafından birlikte bir kurul oluşturulur.
L195: Sayfa 3/10
B198: İŞ SAĞLIĞI ve GÜVENLİĞİ ÇALIŞAN TEMSİLCİSİ EĞİTİM NOTLARI
C203: (3) Aynı çalışma alanında birden fazla işverenin bulunması ve bu işverenlerce birden fazla kurulun oluşturulması hâlinde işverenler, birbirlerinin çalışmalarını etkileyebilecek kurul kararları hakkında diğer işverenleri bilgilendirir. İşin durdurulması MADDE 25 (1) İşyerindeki bina ve eklentilerde, çalışma yöntem ve şekillerinde veya iş ekipmanlarında çalışanlar için hayati tehlike oluşturan bir husus tespit edildiğinde; bu tehlike giderilinceye kadar, hayati tehlikenin niteliği ve bu tehlikeden doğabilecek riskin etkileyebileceği alan ile çalışanlar dikkate alınarak, işyerinin bir bölümünde veya tamamında iş durdurulur. Ayrıca çok tehlikeli sınıfta yer alan maden, metal ve yapı işleri ile tehlikeli kimyasallarla çalışılan işlerin yapıldığı veya büyük endüstriyel kazaların olabileceği işyerlerinde, risk değerlendirmesi yapılmamış olması durumunda iş durdurulur. (2) İş sağlığı ve güvenliği bakımından teftişe yetkili üç iş müfettişinden oluşan heyet, iş sağlığı ve güvenliği bakımından teftişe yetkili iş müfettişinin tespiti üzerine gerekli incelemeleri yaparak, tespit tarihinden itibaren iki gün içerisinde işin durdurulmasına karar verebilir. Ancak tespit edilen hususun acil müdahaleyi gerektirmesi hâlinde; tespiti yapan iş müfettişi, heyet tarafından karar alınıncaya kadar geçerli olmak kaydıyla işi durdurur. (3) İşin durdurulması kararı, ilgili mülki idare amirine ve işyeri dosyasının bulunduğu Çalışma ve İş Kurumu il müdürlüğüne bir gün içinde gönderilir. İşin durdurulması kararı, mülki idare amiri tarafından yirmidört saat içinde yerine getirilir. Ancak, tespit edilen hususun acil müdahaleyi gerektirmesi nedeniyle verilen işin durdurulması kararı, mülki idare amiri tarafından aynı gün yerine getirilir. (4) İşveren, yerine getirildiği tarihten itibaren altı iş günü içinde, yetkili iş mahkemesinde işin durdurulması kararına itiraz edebilir. İtiraz, işin durdurulması kararının uygulanmasını etkilemez. Mahkeme itirazı öncelikle görüşür ve altı iş günü içinde karara bağlar. Mahkeme kararı kesindir. (5) İşverenin işin durdurulmasını gerektiren hususların giderildiğini Bakanlığa yazılı olarak bildirmesi hâlinde, en geç yedi gün içinde işyerinde inceleme yapılarak işverenin talebi sonuçlandırılır. (6) İşveren, işin durdurulması sebebiyle işsiz kalan çalışanlara ücretlerini ödemekle veya ücretlerinde bir düşüklük olmamak üzere meslek veya durumlarına göre başka bir iş vermekle yükümlüdür. Bağımlılık yapan maddeleri kullanma yasağı MADDE 28 (1) İşyerine, sarhoş veya uyuşturucu madde almış olarak gelmek ve işyerinde alkollü içki veya uyuşturucu madde kullanmak yasaktır. (2) İşveren; işyeri eklentilerinden sayılan kısımlarda, ne gibi hallerde, hangi zamanda ve hangi şartlarla alkollü içki içilebileceğini belirleme yetkisine sahiptir. (3) Aşağıdaki çalışanlar için alkollü içki kullanma yasağı uygulanmaz: a) Alkollü içki yapılan işyerlerinde çalışan ve işin gereği olarak üretileni denetlemekle görevlendirilenler. b) Kapalı kaplarda veya açık olarak alkollü içki satılan veya içilen işyerlerinde işin gereği alkollü içki içmek zorunda olanlar. c) İşinin niteliği gereği müşterilerle birlikte alkollü içki içmek zorunda olanlar.
L244: Sayfa 4/10
B247: İŞ SAĞLIĞI ve GÜVENLİĞİ ÇALIŞAN TEMSİLCİSİ EĞİTİM NOTLARI
C252: Çalışanların İş Sağlığı Ve Güvenliği Eğitimlerini Usul Ve Esasları Hakkında Yönetmelik İşverenin yükümlülükleri MADDE 5 (1) İşveren, çalışanların iş sağlığı ve güvenliği eğitimleri ile ilgili; a) Programların hazırlanması ve uygulanmasını, b) Eğitimler için uygun yer, araç ve gereçlerin temin edilmesini, c) Çalışanların bu programlara katılmasını, ç) Program sonunda katılanlar için katılım belgesi düzenlenmesini sağlar. (2) İşveren, geçici iş ilişkisi kurulan diğer işverene Kanunun 16 ncı maddesinin birinci fıkrasındaki hususlar ile ilgili bilgi verir; geçici iş ilişkisi kurulan işveren bu konular hakkında çalışanlarına gerekli eğitimin verilmesini sağlar. (3) 22/5/2003 tarihli ve 4857 sayılı İş Kanununun 2 nci maddesinin yedinci fıkrasında belirtilen asıl işveren-alt işveren ilişkisi kurulan işyerlerinde, alt işverenin çalışanlarının eğitimlerinden, asıl işveren alt işverenle birlikte sorumludur. (4) İşveren, tehlikeli ve çok tehlikeli sınıfta yer alan işyerlerinde; yapılacak işlerde karşılaşılacak sağlık ve güvenlik riskleri ile ilgili yeterli bilgi ve talimatları içeren eğitimin alındığına dair belge olmaksızın, başka işyerlerindençalışmak üzere gelen çalışanları işe başlatamaz. İş sağlığı ve güvenliği eğitimleri MADDE 6 (1) İşveren, çalışanlarına asgari Ek-1’de belirtilen konuları içerecek şekilde iş sağlığı ve güvenliği eğitimlerinin verilmesini sağlar. (2) İşveren, çalışan fiilen çalışmaya başlamadan önce, çalışanın yapacağı iş ve işyerine özgü riskler ile korunma tedbirlerini içeren konularda öncelikli olarak eğitilmesini sağlar. (3) Çalışma yeri veya iş değişikliği, iş ekipmanının değişmesi, yeni teknoloji uygulanması gibi durumlar nedeniyle ortaya çıkacak risklerle ilgili eğitimler ayrıca verilir. (4) Birinci fıkraya göre verilen eğitimler, değişen ve ortaya çıkan yeni riskler de dikkate alınarak aşağıda belirtilen düzenli aralıklarla tekrarlanır: a) Çok tehlikeli sınıfta yer alan işyerlerinde yılda en az bir defa. b) Tehlikeli sınıfta yer alan işyerlerinde iki yılda en az bir defa. c) Az tehlikeli sınıfta yer alan işyerlerinde üç yılda en az bir defa. (5) İş kazası geçiren veya meslek hastalığına yakalanan çalışana işe dönüşünde çalışmaya başlamadan önce, kazanın veya meslek hastalığının sebepleri, korunma yolları ve güvenli çalışma yöntemleri ile ilgili ilave eğitim verilir. (6) Herhangi bir sebeple altı aydan fazla süreyle işten uzak kalanlara, tekrar işe başlatılmadan önce bilgi yenileme eğitimi verilir. Özel politika gerektiren grupların ve özel görevi bulunan çalışanların eğitimi MADDE 7 (1) İşyerinde on beş yaşını bitirmiş ancak onsekiz yaşını doldurmamış genç çalışanlar, yaşlı, engelli, gebe veya emziren çalışanlar gibi özel politika gerektiren grupların özellikleri dikkate alınarak gerekli eğitimler verilir. (2) Destek elemanlarına ve çalışan temsilcilerine, görevlendirilecekleri konularla ilgili de eğitim verilir.
L293: Sayfa 5/10
B296: İŞ SAĞLIĞI ve GÜVENLİĞİ ÇALIŞAN TEMSİLCİSİ EĞİTİM NOTLARI
C301: Eğitimin maliyeti ve eğitimde geçen süreler MADDE 8 (1) İş sağlığı ve güvenliği eğitimlerinin maliyeti çalışanlara yansıtılamaz. Eğitimlerde geçen süre çalışma süresinden sayılır. Çalışanların yükümlülükleri MADDE 9 (1) Çalışanlar, uygulamaya konulan eğitim programları çerçevesinde iş sağlığı ve güvenliği eğitimlerine katılır, eğitimlerde edindiği bilgileri yaptığı iş ve işlemlerde uygular ve bu konudaki talimatlara uyarlar. Eğitim programlarının hazırlanması MADDE 10 (1) İşveren, yıl içinde düzenlenecek eğitim faaliyetlerini gösteren yıllık eğitim programının hazırlanmasını sağlar ve onaylar. (2) Eğitim programlarının hazırlanmasında çalışanların veya temsilcilerinin görüşleri alınır. (3) İşe yeni alımlarda veya değişen şartlara göre yeni risklerin ortaya çıkması durumunda yıllık eğitim programlarına ilave yapılır. (4) İlgili mevzuatın değişmesi veya çalışma şartlarına bağlı olarak yeni risklerin ortaya çıkması halinde yıllık eğitim programına bağlı kalmaksızın çalışanların uygun eğitim almaları sağlanır. (5) Yıllık eğitim programında, verilecek eğitimlerin konusu, hangi tarihlerde düzenleneceği, eğitimin süresi, eğitime kimlerin katılacağı, eğitimin hedefi ve amacı hususlarına yer verilir. Eğitim süreleri ve konuları MADDE 11 (1) Çalışanlara verilecek eğitimler, çalışanların işe girişlerinde ve işin devamı süresince belirlenen periyotlar içinde; a) Az tehlikeli işyerleri için en az sekiz saat, b) Tehlikeli işyerleri için en az on iki saat, c) Çok tehlikeli işyerleri için en az on altı saat olarak her çalışan için düzenlenir. (2) Birinci fıkrada belirtilen eğitim sürelerinin Ek-1’de yer alan konulara göre dağıtımında işyerinde yürütülen faaliyetler esas alınır. (3) Eğitim sürelerinin bütün olarak değerlendirilmesi esas olmakla birlikte dört saat ve katları şeklinde işyerindeki vardiya ve benzeri iş programları da dikkate alınarak farklı zaman dilimlerinde de değerlendirilebilir. Eğitimin temel prensipleri MADDE 12 (1) Eğitimin verimli olması için, eğitime katılacakların ihtiyacı olan konuların seçilmesine özen gösterilir. Eğitim, çalışanların kolayca anlayabileceği şekilde teorik ve uygulamalı olarak düzenlenir. (2) Eğitimler çalışanlara bireysel ya da gruplar halinde uygulanabilir.
L342: Sayfa 6/10
B345: İŞ SAĞLIĞI ve GÜVENLİĞİ ÇALIŞAN TEMSİLCİSİ EĞİTİM NOTLARI
C350: (3) Çalışanların, iş sağlığı ve güvenliği konusunda sahip olması gereken bilgi, beceri, davranış ve tutumlarının ayrı ayrı ve ölçülebilir bir biçimde ortaya konması esastır. (4) İşverenin kendi belirleyeceği bir yöntem ile bireysel seviye tespiti yapılarak çalışanların eğitim öncesi seviyesi ve Ek-1’de yer alan konular dışında almaları gereken eğitimler belirlenir. (5) İş sağlığı ve güvenliği eğitimleri; çalışanlarda iş sağlığı ve güvenliğine yönelik davranış değişikliği sağlamayı ve eğitimlerde aktarılan bilgilerin öneminin çalışanlarca kavranmasını amaçlar. (6) Verilen eğitimin sonunda ölçme ve değerlendirme yapılır. Değerlendirme sonuçlarına göre eğitimin etkin olup olmadığı belirlenerek ihtiyaç duyulması halinde, eğitim programında veya eğiticilerde değişiklik yapılır veya eğitim tekrarlanır. (7) Çalışanlara işe başlamadan önce verilecek iş sağlığı ve güvenliği eğitimleri hariç olmak üzere, Ek-1’de birinci bölümde belirtilen genel konular işverence gerekli ve yeterli sistemin kurulması halinde uzaktan eğitim şeklinde verilebilir. Eğitimi verebilecek kişi ve kuruluşlar MADDE 13 (1) Çalışanların iş sağlığı ve güvenliği eğitimleri; a) İşyerinde görevli iş güvenliği uzmanları ile işyeri hekimleri tarafından, b) İşçi, işveren ve kamu görevlileri kuruluşları veya bu kuruluşlarca kurulan eğitim vakıfları ve ortaklaşa oluşturdukları eğitim merkezleri, üniversiteler, kamu kurumlarının eğitim birimleri, kamu kurumu niteliğindeki meslek kuruluşları ile Bakanlıkça yetkilendirilmiş eğitim kurumları ve ortak sağlık ve güvenlik birimleri tarafından, eğiticilerin Ek-1’deki eğitim programında yer alan konulara göre uzmanlık alanları dikkate alınarak belirlenmesi kaydıyla verilir. Eğitim verilecek mekânın nitelikleri MADDE 14 (1) Eğitimler, uygulamaların da yapılmasına imkân verecek uygun ve yeterli bir mekânda yapılır. (2) Eğitim mekânlarında, uygun termal konfor şartları ve yeterli aydınlatma sağlanır. (3) Eğitimde kullanılacak araç ve gereçlerin, günün teknolojisine uygun olması sağlanır. Eğitimlerin belgelendirilmesi MADDE 15 (1) Düzenlenen eğitimler belgelendirilir ve bu belgeler çalışanların özlük dosyalarında saklanır. Eğitim sonrası düzenlenecek belgede, eğitime katılan kişinin adı, soyadı, görev unvanı, eğitimin konusu, süresi, eğitimi verenin adı, soyadı, görev unvanı, imzası ve eğitimin tarihi yer alır. (2) Eğitimlerin işyeri dışındaki bir kurum tarafından verilmesi durumunda bu kurumun unvanı da düzenlenen sertifikada yer alır.
L391: Sayfa 7/10
B394: İŞ SAĞLIĞI ve GÜVENLİĞİ ÇALIŞAN TEMSİLCİSİ EĞİTİM NOTLARI
C399: İş Sağlığı Ve Güvenliği Kurulları Hakkında Yönetmelik İşverenin yükümlülüğü MADDE 4 (1) Elli ve daha fazla çalışanın bulunduğu ve altı aydan fazla süren sürekli işlerin yapıldığı işyerlerinde işveren, iş sağlığı ve güvenliği ile ilgili çalışmalarda bulunmak üzere kurul oluşturur. (4) İşverenler, iş sağlığı ve güvenliği mevzuatına uygun kurul kararlarını uygular. Kurulun oluşumu MADDE 6 (1) Kurul aşağıda belirtilen kişilerden oluşur: a) İşveren veya işveren vekili, b) İş güvenliği uzmanı, c) İşyeri hekimi, ç) İnsan kaynakları, personel, sosyal işler veya idari ve mali işleri yürütmekle görevli bir kişi, d) Bulunması halinde sivil savunma uzmanı, e) Bulunması halinde formen, ustabaşı veya usta, f) Çalışan temsilcisi, işyerinde birden çok çalışan temsilcisi olması halinde baş temsilci. (2) Kurulun başkanı işveren veya işveren vekili, kurulun sekreteri ise iş güvenliği uzmanıdır. İş güvenliği uzmanının tam zamanlı çalışma zorunluluğu olmayan işyerlerinde ise kurul sekretaryası; insan kaynakları, personel, sosyal işler veya idari ve mali işleri yürütmekle görevli bir kişi tarafından yürütülür. Eğitim MADDE 7 (1) İşveren tarafından, kurulun üyelerine ve yedeklerine iş sağlığı ve güvenliği konularında eğitim verilmesi sağlanır. Kurul üyelerinin ve yedeklerinin eğitimleri asgari aşağıdaki konuları kapsar; a) Kurulun görev ve yetkileri, b) İş sağlığı ve güvenliği konularında ulusal mevzuat ve standartlar, c) Sıkça rastlanan iş kazaları ve tehlikeli vakaların nedenleri, ç) İş hijyeninin temel ilkeleri, d) İletişim teknikleri, e) Acil durum önlemleri, f) Meslek hastalıkları, g) İşyerlerine ait özel riskler, ğ) Risk değerlendirmesi. Görev ve yetkiler MADDE 8 (1) Kurulun görev ve yetkileri şunlardır; a) İşyerinin niteliğine uygun bir iş sağlığı ve güvenliği iç yönerge taslağı hazırlamak, işverenin veya işveren vekilinin onayına sunmak ve yönergenin uygulanmasını izlemek, izleme sonuçlarını rapor haline getirip alınması gereken tedbirleri belirlemek ve kurul gündemine almak, b) İş sağlığı ve güvenliği konularında o işyerinde çalışanlara yol göstermek,
L440: Sayfa 8/10
B443: İŞ SAĞLIĞI ve GÜVENLİĞİ ÇALIŞAN TEMSİLCİSİ EĞİTİM NOTLARI
C448: c) İşyerinde iş sağlığı ve güvenliğine ilişkin tehlikeleri ve önlemleri değerlendirmek, tedbirleri belirlemek, işveren veya işveren vekiline bildirimde bulunmak, ç) İşyerinde meydana gelen her iş kazası ve işyerinde meydana gelen ancak iş kazası olarak değerlendirilmeyen işyeri ya da iş ekipmanının zarara uğratma potansiyeli olan olayları veya meslek hastalığında yahut iş sağlığı ve güvenliği ile ilgili bir tehlike halinde gerekli araştırma ve incelemeyi yapmak, alınması gereken tedbirleri bir raporla tespit ederek işveren veya işveren vekiline vermek, d) İşyerinde iş sağlığı ve güvenliği eğitim ve öğretimini planlamak, bu konu ve kurallarla ilgili programları hazırlamak, işveren veya işveren vekilinin onayına sunmak ve bu programların uygulanmasını izlemek ve eksiklik görülmesi halinde geri bildirimde bulunmak, e) İşyerinde yapılacak bakım ve onarım çalışmalarında gerekli güvenlik tedbirlerini planlamak ve bu tedbirlerin uygulamalarını kontrol etmek, f) İşyerinde yangın, doğal afet, sabotaj ve benzeri tehlikeler için alınan tedbirlerin yeterliliğini ve ekiplerin çalışmalarını izlemek, g) İşyerinin iş sağlığı ve güvenliği durumuyla ilgili yıllık bir rapor hazırlamak, o yılki çalışmaları değerlendirmek, elde edilen tecrübeye göre ertesi yılın çalışma programında yer alacak hususları değerlendirerek belirlemek ve işverene teklifte bulunmak, ğ) 6331 sayılıİş Sağlığı ve Güvenliği Kanununun 13 üncü maddesinde belirtilen çalışmaktan kaçınma hakkı talepleri ile ilgili acilen toplanarak karar vermek, h) İşyerinde teknoloji, iş organizasyonu, çalışma şartları, sosyal ilişkiler ve çalışma ortamı ile ilgili faktörlerin etkilerini kapsayan tutarlı ve genel bir önleme politikası geliştirmeye yönelik çalışmalar yapmak. (2) Kurul üyeleri bu Yönetmelikle kendilerine verilen görevleri yapmalarından dolayı hakları kısıtlanamaz, kötü davranış ve muameleye maruz kalamazlar. Çalışma usulleri MADDE 9 (1) Kurul inceleme, izleme ve uyarmayıöngören bir düzen içinde ve aşağıdaki esasları göz önünde bulundurarak çalışır. a) Kurullar ayda en az bir kere toplanır. Ancak kurul, işyerinin tehlike sınıfını dikkate alarak, tehlikeli işyerlerinde bu sürenin iki ay, az tehlikeli işyerlerinde ise üç ay olarak belirlenmesine karar verebilir. b) Toplantının gündemi, yeri, günü ve saati toplantıdan en az kırk sekiz saat önce kurul üyelerine bildirilir. Gündem, sorunların ve varsa iş sağlığı ve güvenliğine ilişkin projelerin önem sırasına göre belirlenir. Kurul üyeleri gündemde değişiklik isteyebilirler. Bu istek kurulca uygun görüldüğünde gündem buna göre değiştirilir. c) Ölümlü, uzuv kayıplı veya ağır iş kazası halleri veya özel bir tedbiri gerektiren önemli hallerde kurul üyelerinden herhangi biri kurulu olağanüstü toplantıya çağırabilir. Bu konudaki tekliflerin kurul başkanına veya sekreterine yapılması gerekir. Toplantı zamanı, konunun ivedilik ve önemine göre tespit olunur. ç) Kurul toplantılarının günlük çalışma saatleri içinde yapılması asıldır. Kurulun toplantılarında geçecek süreler günlük çalışma süresinden sayılır. d) Kurul, üye tam sayısının salt çoğunluğu ile işveren veya işveren vekili başkanlığında toplanır ve katılanların salt çoğunluğu ile karar alır. Çekimser oy kullanılamaz. Oyların eşitliği halinde başkanın oyu kararı belirler. Çoğunluğun sağlanamadığı veya başka bir nedenle toplantının yapılmadığı hallerde durumu belirten bir tutanak düzenlenir.
L489: Sayfa 9/10
B492: İŞ SAĞLIĞI ve GÜVENLİĞİ ÇALIŞAN TEMSİLCİSİ EĞİTİM NOTLARI
C497: e) Her toplantıda, görüşülen konularla ilgili alınan kararları içeren bir tutanak düzenlenir. Tutanak, toplantıya katılan başkan ve üyeler tarafından imzalanır. İmza altına alınan kararlar herhangi bir işleme gerek kalmaksızın işverene bildirilmiş sayılır. İmzalı tutanak ve kararlar sırasıyla özel dosyasında saklanır. f) Toplantıda alınan kararlar gereği yapılmak üzere ilgililere duyurulur. Ayrıca çalışanlara duyurulması faydalı görülen konular işyerinde ilân edilir. g) Her toplantıda, önceki toplantıya ilişkin kararlar ve bunlarla ilgili uygulamalar hakkında başkan veya kurulun sekreteri tarafından kurula gerekli bilgi verilir ve gündeme geçilir. (2) Kurulca işyerinde ilân edilen kararlar işverenleri ve çalışanları bağlar. (3) Kurul, 6331 sayılıİş Sağlığı ve Güvenliği Kanununun 13 üncü maddesinde belirtilen çalışmaktan kaçınma hakkı taleplerinde birinci fıkranın (a) bendine göre belirlenen süre dikkate alınmaksızın acilen toplanır. Toplantıda alınan karar çalışan ve çalışan temsilcisine yazılı olarak tebliğ edilir. Kurulun yükümlülüğü MADDE 11 (1) Kurullar, yapacakları tekliflerde, bulunacakları tavsiyelerde ve verecekleri kararlarda işyerinin durumunu ve işverenin olanaklarını göz önünde bulundururlar. (2) Kurul üyeleri, görevleri nedeniyle işyerlerinin yapım ve üretim teknikleri, ticari sırları ve ekonomik durumları hakkında gördükleri ve öğrendiklerini gizli tutmak zorundadırlar. (3) Kurullar, iş sağlığı ve güvenliği yönünden teftiş yapmaya yetkili Bakanlık iş müfettişlerine işyerlerinde yapacakları teftiş ve incelemelerde kolaylık sağlamak ve yardımcı olmakla yükümlüdür. Çalışanların yükümlülüğü MADDE 12 (1) Çalışanlar sağlık ve güvenliğin korunması ve geliştirilmesi amacıyla iş sağlığı ve güvenliği kurullarınca konulan kurallar, yasaklar ile alınan karar ve tedbirlere uymak zorundadırlar. (2) İşyerinde iş sağlığı ve güvenliği tedbirlerinin belirlenmesi, uygulanması ve alınan tedbirlere uyulması hususunda çalışanlar kurullarla işbirliği yaparlar. (3) Kurullar tarafından alınan kararlar veya uygulamada karşılaştıkları güçlükler hakkında çalışanlar çalışan temsilcileri aracılığı ile kurula bilgi verirler. Not: Çalışan Temsilcisine verilen eğitim sonunda 12 sayfa olarak derlenen eğitim notları taraflara verilmek üzere 2 nüsha olarak hazırlanmıştır. 2 nüsha olarak hazırlanan eğitim notları çalışan temsilcisi ve iş güvenliği uzmanı tarafından imza altına alındıktan sonra eğitim notlarının 1 nüshası çalışan temsilcisine teslim edilmiştir.
J529: Tarih: | K529: =KAYIT!E10
C531: Tebellüğ Edilenler | K531: Tebliğ Eden
C532: ADI SOYADI | F532: TC | H532: İMZA | J532: İş Güvenliği Uzmanı
C533: =KAYIT!C10 -> 0 | F533: =KAYIT!G10 -> 0 | J533: =KAYIT!C8 -> 0
C535: =KAYIT!C11 | F535: =KAYIT!G11
L537: Sayfa 10/10
B541: İŞ SAĞLIĞI ve GÜVENLİĞİ ÇALIŞAN TEMSİLCİSİ EĞİTİME KATILIM
B546: İşyeri Unvanı | E546: =KAYIT!C1 -> 0 | J546: Eğitim Tarihi | L546: =K529
B548: İşyeri Sicil No | E548: =KAYIT!C3 -> 0
C551: ÇALIŞAN TEMSİLCİSİ EĞİTİME KATILIM TUTANAĞI
C553: =E546 -> 0
C554: tarafından | E554: =L546 | G554: tarihinde Çalışan Temsilcisi olarak başladığım görevinde aşağıdaki
C555: yazılı konular hakkında genel bir eğitim verilmiştir.
C558: 6331 sayılı iş kanununun çalışan temsilcisi seçim ve esasları İlgili mevzuatlar, Mesleki riskler, İş kazaları ve meslek hastalıkları, Alınması gerekli tedbirler, Yasal hak ve sorumlulukları konusunda İşyerinde düzenlenen iş sağlığı ve eğitimi programında teorik ve pratik olarak eğitim verilmiştir. Yukarıda adı geçen çalışan/çalışanların iş sağlığı ve güvenliği konularında yeterli bilgilere sahip olduğu ölçme ve değerlendirmeler sonucunda anlaşılmış olup, bu eğitimler sonucunda ‘’Çalışan Temsilcisi’’ görevine başlatılmıştır.
J572: Tarih: | K572: =KAYIT!E10
C576: Tebellüğ Edilenler | K576: Tebliğ Eden
C577: ADI SOYADI | F577: TC | H577: İMZA | J577: İş Güvenliği Uzmanı
C578: =KAYIT!C10 -> 0 | F578: =KAYIT!G10 -> 0 | J578: =KAYIT!C8 -> 0
C580: =KAYIT!C11 | F580: =KAYIT!G11
B590: İŞ SAĞLIĞI ve GÜVENLİĞİ ÇALIŞAN TEMSİLCİSİ ÖLÇME DEĞERLENDİRME TESTİ
B595: İşyeri Unvanı | E595: =KAYIT!C1 -> 0 | J595: Eğitim Tarihi | L595: =K572
B597: İşyeri Sicil No | E597: =KAYIT!C3 -> 0
B598: Adı Soyadı | E598: =KAYIT!C10 -> 0
C600: ÇALIŞAN TEMSİLCİSİ EĞİTİM ÖLÇME DEĞERLENDİRME SORULARI
C603: 1-Çalışan temsilcisi seçiminde personelin en az kaç yıllık iş deneyimi olması gerekir? | I603: 6-Çalışan Temsilcisi seçim sonuçları kaç yıl geçerlidir?
C607: A) 2 B) 3 C) 4 D) 5 | I607: A) 2 B) 5 C) 10 D) 15
C609: 2-Gürültünün zararlı etkilerinden korunabilmek için……..kullanılmalıdır? | I609: 7-Aşağıdakilerden hangisi çalışan temsilcisi niteliklerinden değildir?
I612: A) Mesleki özen ve titizliğe sahip
I613: B) İşbirliği ve ekip çalışmasına yatkın
C614: A) Maske B) Kulak Koruyucu | I614: C) Yeniliklere, teknolojiye ve eğitimlere açık
C615: C) Baret D) Emniyet Kemeri | I615: D) İşyerinin kısmi süreli çalışan olması
C618: 3-Acil çıkış, ilk yardım işaretlerinde aşağıdaki renklerden hangisi kullanılır? | I618: 8-Çalışan temsilcisi nasıl belirlenir?
I620: A) Seçimle
C621: A) Kırmızı B) Yeşil | I621: B) İş güvenliği uzmanı tarafından
C622: C) Mavi D) Sarı | I622: C) İşveren tarafından
I623: D) İş yeri hekimi tarafından
C625: 4-Çalışan Temsilcisi seçiminde personelin eğitim düzeyi en az ne olmalıdır.
I626: 9-Kurul toplantısında aşağıdakilerden hangisi bulunmaz?
C629: A) İlkokul B) Ortaokul | I629: A) İşveren veya işveren vekili
C630: C) Lise D) Üniversite | I630: B) Kısmi süreli çalışan personel
I631: C) İş güvenliği Uzmanı
C632: 5-Aşağıdakilerden hangisi Çalışan Temsilcisi görevlerinden değildir? | I632: D) İş yeri Hekimi
I634: 10-Aşağıdakilerden hangisi KKD değildir.
C635: A) İş sağlığı ve güvenliği ile ilgili çalışmalara katılma
I636: A) Göz ve yüz koruyucuları
C637: B) Çalışmaları izleme | I637: B) El ve kol koruyucuları
C638: C) İş güvenliği Kurul Toplantısına katılmama | I638: C) Baş koruyucuları
...

Sheet Destek Elemanları Atama
B2: İŞ SAĞLIĞI ve GÜVENLİĞİ ACİL DURUM DESTEK ELEMANI ATAMASI
B7: İşyeri Unvanı | F7: =KAYIT!C1 -> 0 | K7: Hazırlama/ Güncelleme Tarihi | M7: =KAYIT!C14
B9: İşyeri Sicil No | F9: =KAYIT!C3 -> 0
C12: Konu: İş Sağlığı ve Güvenliği çalışmalarında görev almak üzere Destek Elemanı atanması
C16: 18/6/2013 tarih ve 6331 nolu İş Sağlığı ve Güvenliği Kanunu, Acil Durumlar Hakkında Yönetmeliğinin ilgili maddelerin gereği firmamızda aşağıdaki kişiler Kurtarma Elemanı olarak görev almak üzere atanmışlardır.
D21: Çalışmalarınızda başarılar dilerim.
D26: Kurtarma Ekibi
D27: Sıra No | E27: Adı Soyadı | H27: TC No | J27: İmza
D28: 1 | E28: =KAYIT!D25 -> 0 | H28: =KAYIT!B25 -> 0
D31: 2 | E31: =KAYIT!D26 | H31: =KAYIT!B26 -> 0
D34: 3 | E34: =KAYIT!D27 | H34: =KAYIT!B27
D37: 4 | E37: =KAYIT!D28 | H37: =KAYIT!B28
G46: Tebliğ Eden
G47: İşveren / İ.Vekili
G48: =KAYIT!C7 -> 0
B56: İŞ SAĞLIĞI ve GÜVENLİĞİ ACİL DURUM DESTEK ELEMANI ATAMASI
B61: İşyeri Unvanı | F61: =KAYIT!C1 -> 0 | K61: Hazırlama/ Güncelleme Tarihi | M61: =KAYIT!C14
B63: İşyeri Sicil No | F63: =F9 -> 0
C66: Konu: İş Sağlığı ve Güvenliği çalışmalarında görev almak üzere Destek Elemanı atanması
C70: 18/6/2013 tarih ve 6331 nolu İş Sağlığı ve Güvenliği Kanunu, Acil Durumlar Hakkında Yönetmeliğinin ilgili maddelerin gereği firmamızda aşağıdaki kişiler Söndürme Elemanı olarak görev almak üzere atanmışlardır.
D75: Çalışmalarınızda başarılar dilerim.
D80: Söndürme Ekibi
D81: Sıra No | E81: Adı Soyadı | H81: TC No | J81: İmza
D82: 1 | E82: =KAYIT!D19 -> 0 | H82: =KAYIT!B19 -> 0
D85: 2 | E85: =KAYIT!D20 | H85: =KAYIT!B20
D88: 3 | E88: =KAYIT!D21 | H88: =KAYIT!B21
D91: 4 | E91: =KAYIT!D22 | H91: =KAYIT!B22
G100: Tebliğ Eden
G101: İşveren / İ.Vekili
G102: =KAYIT!C7 -> 0
B110: İŞ SAĞLIĞI ve GÜVENLİĞİ ACİL DURUM DESTEK ELEMANI ATAMASI
B115: İşyeri Unvanı | F115: =KAYIT!C1 -> 0 | K115: Hazırlama/ Güncelleme Tarihi | M115: =KAYIT!C14
B117: İşyeri Sicil No | F117: =F63 -> 0
C120: Konu: İş Sağlığı ve Güvenliği çalışmalarında görev almak üzere Destek Elemanı atanması
C123: 18/6/2013 tarih ve 6331 nolu İş Sağlığı ve Güvenliği Kanunu, Acil Durumlar Hakkında Yönetmeliğinin ilgili maddelerin gereği firmamızda aşağıdaki kişiler İlkyardım Elemanı olarak görev almak üzere atanmışlardır.
D128: Çalışmalarınızda başarılar dilerim.
D131: İlkyardım Ekibi
D132: Sıra No | E132: Adı Soyadı | H132: TC No | J132: İmza
D133: 1 | E133: =KAYIT!D37 -> 0 | H133: =KAYIT!B37
D135: 2 | E135: =KAYIT!D38 | H135: =KAYIT!B38
D137: 3 | E137: =KAYIT!D39 | H137: =KAYIT!B39
D139: 4 | E139: =KAYIT!D40 | H139: =KAYIT!B40
D141: 5 | E141: =KAYIT!D41 | H141: =KAYIT!B41
D143: 6 | E143: =KAYIT!D42 | H143: =KAYIT!B42
D145: 7 | E145: =KAYIT!D43 | H145: =KAYIT!B43
D147: 8 | E147: =KAYIT!D44 | H147: =KAYIT!B44
D149: 9 | E149: =KAYIT!D45 | H149: =KAYIT!B45
D151: 10 | E151: =KAYIT!D46 | H151: =KAYIT!B46
G155: Tebliğ Eden
G156: İşveren / İ.Vekili
G157: =KAYIT!C7 -> 0
B164: İŞ SAĞLIĞI ve GÜVENLİĞİ ACİL DURUM DESTEK ELEMANI ATAMASI
B169: İşyeri Unvanı | F169: =KAYIT!C1 -> 0 | K169: Hazırlama/ Güncelleme Tarihi | M169: =KAYIT!C14
B171: İşyeri Sicil No | F171: =F117 -> 0
C174: Konu: İş Sağlığı ve Güvenliği çalışmalarında görev almak üzere Destek Elemanı atanması
C178: 18/6/2013 tarih ve 6331 nolu İş Sağlığı ve Güvenliği Kanunu, Acil Durumlar Hakkında Yönetmeliğinin ilgili maddelerin gereği firmamızda aşağıdaki kişiler Koruma Elemanı olarak görev almak üzere atanmışlardır.
D183: Çalışmalarınızda başarılar dilerim.
D188: Koruma Elemanı
D189: Sıra No | E189: Adı Soyadı | H189: TC No | J189: İmza
D190: 1 | E190: =KAYIT!D31 | H190: =KAYIT!B31
D193: 2 | E193: =KAYIT!D32 | H193: =KAYIT!B32
D196: 3 | E196: =KAYIT!D33 | H196: =KAYIT!B33
D199: 4 | E199: =KAYIT!D34 | H199: =KAYIT!B34
G208: Tebliğ Eden
G209: İşveren / İ.Vekili
G210: =KAYIT!C7 -> 0

Sheet Risk Değerlendirme Ekibi
B2: İŞ SAĞLIĞI ve GÜVENLİĞİ RİSK DEĞERLENDİRME EKİBİ ATAMASI
B7: İşyeri Unvanı | F7: =KAYIT!C1 -> 0 | K7: Hazırlama/ Güncelleme Tarihi | M7: =KAYIT!C6 -> 0
B9: İşyeri Sicil No | F9: =KAYIT!C3 -> 0
C12: Konu: İş Sağlığı ve Güvenliği çalışmalarında görev almak üzere Risk Değerlendirme Ekibi Atanması
D15: Sayın: RİSK DEĞERLENDİRME EKİBİ
C17: 30.06.2012 tarih ve 6331 no’lu İş Sağlığı ve Güvenliği Kanununun 10. ve 30. maddelerine dayanılarak hazırlanmış 29.12.2012 tarih ve 28512 sayılı İş sağlığı ve Güvenliği Risk Değerlendirme Yönetmeliğinin 6. maddesi gereği iş sağlığı ve güvenliği ile ilgili konularda riskleri belirleme ve analiz etme, risk kontrol tedbirlerinin kararlaştırılması, dokümantasyon, yapılan çalışmaların güncellenmesi ve gerektiğinde yenileme aşamaları için Risk Değerlendirme Ekibi’ne atanmış bulunuyorsunuz. Ekipteki göreviniz aşağıda belirtilmiştir.
D25: Çalışmalarınızda başarılar dilerim.
D28: ADI SOYADI | G28: GÖREVİ | J28: İMZA
D29: =KAYIT!C7 -> 0 | G29: İşveren / İ.Vekili
D31: =KAYIT!C8 -> 0 | G31: İş Güvenliği Uzmanı
D33: =KAYIT!C9 -> 0 | G33: İşyeri Hekimi
D35: =KAYIT!C10 -> 0 | G35: Çalışan Baş Temsilcisi
D37: =KAYIT!C13 | G37: Tüm Br. Bilgi Sahibi Kişi
D39: =KAYIT!D19 -> 0 | G39: Söndürme Ekip Başkanı
D41: =KAYIT!D25 -> 0 | G41: Kurtarma Ekip Başkanı
D43: =KAYIT!D31 | G43: Koruma Ekip Başkanı
D45: =KAYIT!D37 -> 0 | G45: İlk Yardım Ekip Başkanı
G49: Tebliğ Eden
G50: İşveren / İ.Vekili
G51: =KAYIT!C7 -> 0

Sheet Acil Durum Ekipleri Eğitim K.
A1: =KAYIT!C1 -> 0
A2: ACİL DURUM EKİPLERİ EĞİTİM KATILIM FORMU
A3: EĞİTİMİN KONUSU | C3: •Binaların Yangından Korunması Hakkında Yönetmelik •Bina Analizi ve Tehlikeler •Yangına neden Olabilecek Risklerin Tespiti •Yangın ve Yanma Kimyası •Yangın Söndürücülerin Sınıflandırılması ve Teknik Özellikleri •Yangın Algılama, Uyarı, Söndürme ve Tahliye Sistemlerinin Kullanımı •Yangın Söndürme Güvenliği •Yangın İhbar Verme ve İşletme İçi İletişim •Acil Durum Planının Değerlendirilmesi •Ekip Liderleri ve Görevleri •Temel Tahliye Eğitimi •Tahliye Tatbikatında Yapılması Gerekenler •Kişisel Koruyucu Ekipman Kullanımı •Temel Afet Bilinci •Afet ve Acil Durumlar •Afet ve Acil Durum Planları •Afetlere Hazırlık •Ekiplerin Kurulması ve Görevleri •Arama Kurtarma Eğitimi •Arama Stratejileri ve Çeşitleri •Alan Güvenliği •Olay, İhbar •Kurtarmada İpler ve Düğümler •Afetlerde İlk Yardım Bilgilendirilmesi •Arama ve Dinlenme Evreleri •Tahkimat ve Destek Malzemeleri
A25: Eğitim Tarihi: | C25: =KAYIT!C14
A26: Eğitim Yeri: | C26: =KAYIT!C1 -> 0
A27: NO | B27: ADI SOYADI | D27: TCNO | F27: EKİBİ | H27: İMZA
A28: 1 | B28: =KAYIT!D19 -> 0 | D28: =KAYIT!B19 -> 0 | F28: SÖNDÜRME EKİBİ
A29: 2 | B29: =KAYIT!D20 | D29: =KAYIT!B20 | F29: SÖNDÜRME EKİBİ
A30: 3 | B30: =KAYIT!D21 | D30: =KAYIT!B21 | F30: SÖNDÜRME EKİBİ
A31: 4 | B31: =KAYIT!D22 | D31: =KAYIT!B22 | F31: SÖNDÜRME EKİBİ
A32: 5 | B32: =KAYIT!D25 -> 0 | D32: =KAYIT!B25 -> 0 | F32: KURTARMA EKİBİ
A33: 6 | B33: =KAYIT!D26 | D33: =KAYIT!B26 -> 0 | F33: KURTARMA EKİBİ
A34: 7 | B34: =KAYIT!D27 | D34: =KAYIT!B27 | F34: KURTARMA EKİBİ
A35: 8 | B35: =KAYIT!D28 | D35: =KAYIT!B28 | F35: KURTARMA EKİBİ
A36: 9 | B36: =KAYIT!D31 | D36: =KAYIT!B31 | F36: KORUMA EKİBİ
A37: 10 | B37: =KAYIT!D32 | D37: =KAYIT!B32 | F37: KORUMA EKİBİ
A38: 11 | B38: =KAYIT!D33 | D38: =KAYIT!B33 | F38: KORUMA EKİBİ
A39: 12 | B39: =KAYIT!D34 | D39: =KAYIT!B34 | F39: KORUMA EKİBİ
A40: 13 | B40: =KAYIT!D37 -> 0 | D40: =KAYIT!B37 | F40: İLK YARDIM EKİBİ
A41: 14 | B41: =KAYIT!D38 | D41: =KAYIT!B38 | F41: İLK YARDIM EKİBİ
A42: 15 | B42: =KAYIT!D39 | D42: =KAYIT!B39 | F42: İLK YARDIM EKİBİ
A43: 16 | B43: =KAYIT!D40 | D43: =KAYIT!B40 | F43: İLK YARDIM EKİBİ
A44: 17 | B44: =KAYIT!D41 | D44: =KAYIT!B41 | F44: İLK YARDIM EKİBİ
A45: 18 | B45: =KAYIT!D42 | D45: =KAYIT!B42 | F45: İLK YARDIM EKİBİ
A46: 19 | B46: =KAYIT!D43 | D46: =KAYIT!B43 | F46: İLK YARDIM EKİBİ
A47: 20 | B47: =KAYIT!D44 | D47: =KAYIT!B44 | F47: İLK YARDIM EKİBİ
A48: 21 | B48: =KAYIT!D45 | D48: =KAYIT!B45 | F48: İLK YARDIM EKİBİ
A49: 22 | B49: =KAYIT!D46 | D49: =KAYIT!B46 | F49: İLK YARDIM EKİBİ
B50: İş Güveliği Uzmanı | F50: İşyeri Hekimi | I50: İşveren / İ.Vekili
B51: =KAYIT!C8 -> 0 | F51: =KAYIT!C9 -> 0 | I51: =KAYIT!C7 -> 0
I52: Sayfa 1/1

Sheet Risk Değerlend. Ekibi Eğitim K.
A1: RİSK DEĞERLENDİRME EKİPLERİ EĞİTİM KATILIM FORMU
A2: Kuruluş | D2: =KAYIT!C1 -> 0
A3: Adres | D3: =KAYIT!C2 -> 0
A4: Sgk Sicil No | D4: =KAYIT!C3 -> 0
A5: Eğitim Tarihi | D5: =KAYIT!C6 -> 0 | H5: Eğitim Süresi | J5: 2 Saat
A6: Eğitim Konuları | E6: Risk Değerlendirme Ekibi Eğitimi
E7: a) İş Kazası ve Meslek Hastalığı nedir, sebepleri ve istatistikleri b) İSG risk değerlendirmesi nedir c) Tehlike ve Risk nedir d) Başlıca risk etmenleri nelerdir e) Sektörel risk etmenleri nelerdir f) Temel değerlendirme metotları nelerdir g) Matris metodu nedir ve nasıl uygulanır h) Görüş, Öneri ve Beklentiler nelerdir
A8: No | C8: Katılımcı Adı-Soyadı | F8: T.C. Kimlik No | G8: Görevi | I8: İmza
A9: 1 | C9: =KAYIT!C10 -> 0 | F9: =KAYIT!G10 -> 0 | G9: ÇALIŞAN BAŞ TEMSİLCİSİ
A10: 2 | C10: =KAYIT!C13 | F10: =KAYIT!G13 | G10: TÜM BİRİMLERDEN BİLGİ SAHİBİ
A11: 3 | C11: =KAYIT!D19 -> 0 | F11: =KAYIT!B19 -> 0 | G11: SÖNDÜRME EKİBİ
A12: 4 | C12: =KAYIT!D20 | F12: =KAYIT!B20 | G12: SÖNDÜRME EKİBİ
A13: 5 | C13: =KAYIT!D21 | F13: =KAYIT!B21 | G13: SÖNDÜRME EKİBİ
A14: 6 | C14: =KAYIT!D22 | F14: =KAYIT!B22 | G14: SÖNDÜRME EKİBİ
A15: 7 | C15: =KAYIT!D25 -> 0 | F15: =KAYIT!B25 -> 0 | G15: KURTARMA EKİBİ
A16: 8 | C16: =KAYIT!D26 | F16: =KAYIT!B26 -> 0 | G16: KURTARMA EKİBİ
A17: 9 | C17: =KAYIT!D27 | F17: =KAYIT!B27 | G17: KURTARMA EKİBİ
A18: 10 | C18: =KAYIT!D28 | F18: =KAYIT!B28 | G18: KURTARMA EKİBİ
A19: 11 | C19: =KAYIT!D31 | F19: =KAYIT!B31 | G19: KORUMA EKİBİ
A20: 12 | C20: =KAYIT!D32 | F20: =KAYIT!B32 | G20: KORUMA EKİBİ
A21: 13 | C21: =KAYIT!D33 | F21: =KAYIT!B33 | G21: KORUMA EKİBİ
A22: 14 | C22: =KAYIT!D34 | F22: =KAYIT!B34 | G22: KORUMA EKİBİ
A23: 15 | C23: =KAYIT!D37 -> 0 | F23: =KAYIT!B37 | G23: İLK YARDIM EKİBİ
A24: 16 | C24: =KAYIT!D38 | F24: =KAYIT!B38 | G24: İLK YARDIM EKİBİ
A25: 17 | C25: =KAYIT!D39 | F25: =KAYIT!B39 | G25: İLK YARDIM EKİBİ
A26: 18 | C26: =KAYIT!D40 | F26: =KAYIT!B40 | G26: İLK YARDIM EKİBİ
A27: 19 | C27: =KAYIT!D41 | F27: =KAYIT!B41 | G27: İLK YARDIM EKİBİ
A28: 20 | C28: =KAYIT!D42 | F28: =KAYIT!B42 | G28: İLK YARDIM EKİBİ
A29: 21 | C29: =KAYIT!D43 | F29: =KAYIT!B43 | G29: İLK YARDIM EKİBİ
A30: 22 | C30: =KAYIT!D44 | F30: =KAYIT!B44 | G30: İLK YARDIM EKİBİ
A31: 23 | C31: =KAYIT!D45 | F31: =KAYIT!B45 | G31: İLK YARDIM EKİBİ
A32: 24 | C32: =KAYIT!D46 | F32: =KAYIT!B46 | G32: İLK YARDIM EKİBİ
L33: Sayfa 1 / 1
C34: İş Güveliği Uzmanı | F34: İşyeri Hekimi | J34: İşveren / İ.Vekili
C35: =KAYIT!C8 -> 0 | F35: =KAYIT!C9 -> 0 | J35: =KAYIT!C7 -> 0

Sheet ACİL DURUM EKİP LİSTESİ
C1: ACİL DURUM EKİP LİSTESİ
C2: =KAYIT!C1 -> 0
B4: ADEP EKİP LİSTESİ YENİLEME
C5: Revizyon tarihi: | E5: =KAYIT!C14 | H5: Revizyon No: | K5: =KAYIT!C15
B8: İşveren / İ.Vekili | D8: =KAYIT!C7 -> 0 | G8: GSM: | H8: =KAYIT!E7 -> 0
B9: POLİS İMDAT | D9: 155 | E9: ACİL AMBULANS | H9: 112 | I9: YANGIN İHBAR | M9: 110
B10: JANDARMA İMDAT | D10: 156 | E10: ALO TRAFİK | H10: 154 | I10: ALO EMNİYET DANIŞMA | M10: 174
B11: SAĞLIK DANIŞMA | D11: 184 | E11: ELEKTRİK ARIZA | H11: 186 | I11: ALO ZABITA DANIŞMA | M11: 153
B12: SU ARIZA | D12: 185 | E12: DOĞALGAZ ARIZA | H12: 187 | I12: ALO ÇEVRE | M12: 181
B13: ORMAN YANGIN İHBAR | D13: 177 | E13: Gaziantep İl Ve Afet Acil Durum Müd. | H13: 0342 336.26.92- 0342 335.65.00
B15: ACİL DURUM KOORDİNATÖRÜ
B16: ADI-SOYADI | D16: TELEFON | F16: UNVANI | H16: SORUMLULUK ALANI | K16: EKİPTEKİ GÖREVİ
B17: =KAYIT!D31 | D17: =KAYIT!E31 | F17: Ekip Başkanı | H17: İşyerinin Tamamı | K17: Acil durum ihbarı üzerine en kısa zamanda güvenlik altındaki bölgede toplanır. Ekiplerin güvenli bir şekilde olaya müdahalesi için teknik, idari kararlar alır.
B19: 1. SÖNDÜRME EKİBİ
B20: ADI-SOYADI | D20: TELEFON | F20: UNVANI | H20: SORUMLULUK ALANI | K20: Ekipteki Görevi
B21: =KAYIT!D19 -> 0 | D21: =KAYIT!E19 -> 0 | F21: Ekip Başkanı | H21: İşyerinin Tamamı | K21: Acil bir durumda (yangın, deprem vb.) ilk müdahaleyi yapmak üzere görevli olan söndürme ekibini yönlendirme, içeride kalmış kişilerin tahliyesini sağlamak.
B22: =KAYIT!D20 | D22: =KAYIT!E20 | F22: Ekip Başkan Yardımcısı | H22: İşyerinin Tamamı | K22: Ekip başkanına yardım etmek, ekip başkanı bulunmadığı durumlarda, onun görevini yerine getirmek
B23: =KAYIT!D21 | D23: =KAYIT!E21 | F23: Asil Üye | H23: İşyerinin Tamamı | K23: Acil bir durumda, ekip başkanının talimatları doğrultusunda yangına ilk müdahaleyi sağlamak
B24: =KAYIT!D22 | D24: =KAYIT!E22
B26: 2. KURTARMA EKİBİ
B27: ADI-SOYADI | D27: TELEFON | F27: UNVANI | H27: SORUMLULUK ALANI | K27: Ekipteki Görevi
B28: =KAYIT!D25 -> 0 | D28: =KAYIT!E25 -> 0 | F28: Ekip Başkanı | H28: İşyerinin Tamamı | K28: Söndürme ekibinden alacağı talimat ile acil bir durumda öncelikle acil durumdan zarar görmüş kişileri daha sonra önemli belge ve malzemeleri kurtarmak üzere ekibi yönlendirmeksonra önemli belge ve malzemeleri kurtarmak üzere ekibi yönlendirmek
B29: =KAYIT!D26 | D29: =KAYIT!E26 | F29: Ekip Başkan Yardımcısı | H29: İşyerinin Tamamı | K29: Ekip başkanına yardım etmek, ekip başkanı bulunmadığı durumlarda, onun görevini yerine getirmek
B30: =KAYIT!D27 | D30: =KAYIT!E27 | F30: Asil Üye | H30: İşyerinin Tamamı | K30: Ekip başkanının talimatı ile zarar görmüş kişilerin ve malzemenin tahliyesini sağlamak
B31: =KAYIT!D28 | D31: =KAYIT!E28
B33: KORUMA EKİBİ
B34: ADI-SOYADI | D34: TELEFON | F34: UNVANI | H34: SORUMLULUK ALANI | K34: Ekipteki Görevi
B35: =KAYIT!D31 | D35: =KAYIT!E31 | F35: Ekip Başkanı | H35: İşyerinin Tamamı | K35: Acil durumda kişilerin toplanma bölgesinde sayımlarını yapmak, eksik olup olmadığını tespit etmek. Eksikleri söndürme ve kurtarma ekiplerine bildirmek, can ve mal güvenliğini sağlamak.
B36: =KAYIT!D32 | D36: =KAYIT!E32 | F36: Ekip Başkan Yardımcısı | H36: İşyerinin Tamamı | K36: Ekip başkanına yardım etmek, ekip başkanı bulunmadığı durumlarda, onun görevini yerine getirmek.
B37: =KAYIT!D33 | D37: =KAYIT!E33 | F37: Üye | H37: İşyerinin Tamamı | K37: Ekip başkanının yönlendirmesi ile can ve mal güvenliğini sağlamak.
B38: =KAYIT!D34 | D38: =KAYIT!E34
B40: 3. İLKYARDIM EKİBİ
B41: ADI-SOYADI | D41: TELEFON | F41: UNVANI | H41: SORUMLULUK ALANI | K41: Ekipteki Görevi
B42: =KAYIT!D37 -> 0 | D42: =KAYIT!E37 -> 0 | F42: Ekip Başkanı | H42: İşyerinin Tamamı | K42: Yaralı personele sağlık ekipleri gelinceye kadar almış olduğu eğitim doğrultusunda ilk yardımda bulunmak, sağlık ekiplerine yardım etmek
B43: =KAYIT!D38 | D43: =KAYIT!E38 | F43: Ekip Başkan Yardımcısı | H43: İşyerinin Tamamı | K43: Yaralı personelin bulunduğu alanda, diğer personeli kontrol altına alıp paniği önlemek; ilk yardım eğitimi almamış personelin müdahalesine engel olmak
B44: =KAYIT!D39 | D44: =KAYIT!E39 | F44: Asil Üye | H44: İşyerinin Tamamı | K44: Ekip başkanının talimatı doğrultusunda yardımda bulunma
B45: =KAYIT!D40 | D45: =KAYIT!E40
B46: =KAYIT!D41 | D46: =KAYIT!E41
B47: =KAYIT!D42 | D47: =KAYIT!E42
B48: =KAYIT!D43 | D48: =KAYIT!E43
B49: =KAYIT!D44 | D49: =KAYIT!E44
B50: =KAYIT!D45 | D50: =KAYIT!E45
B51: =KAYIT!D46 | D51: =KAYIT!E46

Sheet Oryantasyon ve İşbaşı Eğitim F.
A1: ORYANTASYON ve İŞBAŞI EĞİTİMİ FORMU
A4: PERSONELİN | B4: Adı Soyadı
B5: Doğum Yeri ve Yılı
B6: İşe Giriş Tarihi
B7: Öğrenim Durumu
B8: Pozisyonu
A10: 1- ORYANTASYON EĞİTİMİ | I10: Süresi:
A11: KONULAR | G11: Durumu | I11: Açıklama
G12: Verildi | H12: Verilmedi
A13: Şirket Tanıtımı
A14: İş ve Paydos Saatleri ve Servis Bilgileri
A15: Yapılan İşin Tanıtımı
A16: İş Yeri Kuralları, İç Yönetmelik, Disiplin Yönetmeliği Eğitimi
A17: Temel İş Sağlığı ve Güvenliği Eğitimi
A18: İşyerine Özgü Riskler ve Korunma Tedbirleri
A19: Yangın Eğitimi
A20: Kalite Sistemi Genel Bilinçlendirme Eğitimi
A21: Eğitimi Veren Ad Soyad - İmza:
A23: 2- İŞBAŞI EĞİTİMİ : | I23: Süresi:
A24: KONULAR | G24: Durumu | I24: Açıklama
G25: Verildi | H25: Verilmedi
A26: Kullanacağı Makine Bilgisi
A27: Güvenli Makine Kullanımı Eğitimi
A28: İş Tarifi ve Pratiği Eğitimi
A29: Muhtemel Bir Uygunsuzluk veya Yapılacak Hatanın Bir Sonraki Adıma Etkisi Ne olacak?
A30: Eğitimi Veren Ad Soyad - İmza:
A32: AÇIKLAMA VE NOTLAR :
A43: Eğitmi Alan Personelin | H43: İşveren / İşveren Vekili
A45: Ad Soyad | H45: Ad Soyad
A48: T.C. | H48: T.C.
A51: İmza | H51: İmza
L54: Sayfa 1/1

Sheet İşe Dönüş İlave Eğitim K.
A1: İŞE DÖNÜŞ İLAVE EĞİTİM KATILIM FORMU
A2: Kuruluş | D2: =KAYIT!C1 -> 0
A3: Adres | D3: =KAYIT!C2 -> 0
A4: Sgk Sicil No | D4: =KAYIT!C3 -> 0 | I4: Eğitim Şekli | L4: Teorik ve Uygulama
A5: Eğitim Tarihi | I5: Eğitim Süresi | L5: 1+1=2 Saat
A6: Dayanak | D6: Çalışanların İş Sağlığı ve Güvenliği Eğitimlerinin Usul ve Esasları Hakkında Yönetmelik Madde 6 – 5 İş kazası geçiren veya meslek hastalığına yakalanan çalışana işe dönüşünde çalışmaya başlamadan önce, kazanın veya meslek hastalığının sebepleri, korunma yolları ve güvenli çalışma yöntemleri ile ilgili ilave eğitim verilir.
A7: Eğitim Konuları | D7: İşe Başlama ve Oryantasyon Eğitimi
D8: a) İş Sağlığı ve Güvenliği Genel Kuralları ve İşyeri Çalışma Prosedürleri Uygulama Bilgileri b) İşyeri Hiyerarşisi, Sorumluluklar ve Ödevler c) İşyeri Temizliği ve Düzeni d) İşyerinde Bulunan Risk Etmenleri ve Önlemler e) İş Ekipmanlarının Güvenli Kullanımı f) İş Kazalarından Korunma Tekniklerinin Uygulanması g) İşyeri; Sağlık Güvenlik İşaretleri ve Levhalarının Özellikleri h) Çalışanların Kişisel Koruyucu Donanım Kullanımı i) Acil Durum Tahliye İşlemleri j) Diğer: Eğitmenlerin Kişisel Tecrübeleri
A9: İşveren & İşyeri Teknik Eğitmeni & Birim Amiri & Formen & Usta Başı & Usta
A10: No | B10: Adı-Soyadı | F10: TC No | I10: Unvanı | L10: İmza
A11: 1
A12: 2
A13: 3
A14: 4
A15: 5
A16: Katılımcı
A17: Adı-Soyadı
A18: Görevi
A19: T.C. Kimlik No | I19: İmza
M21: Sayfa 1 / 1

Sheet İÇ YAZIŞMA FORMU
B1: İÇ YAZIŞMA FORMU
A9: KONU | B9: : | C9: İŞ SAĞLIĞI VE GÜVENLİĞİ KURULU OLUŞTURMA
A10: TARİH | B10: : | C10: =KAYIT!C6 -> 0
A11: KİMDEN | B11: : | C11: İŞ GÜVENLİĞİ UZMANI
A12: KİME | B12: : | C12: =KAYIT!C1 -> 0
A16: =KAYIT!C1 -> 0
A17: bünyesinde, çalışan sayısı 50 kişiden az olduğu için, 30.06.2012 tarihli ve 6331 sayılı İş Sağlığı ve Güvenliği Kanunu ve İlgili Mevzuat uyarınca, İş Sağlığı ve Güvenliği Kurulu oluşturma zorunluluğu yoktur.
A21: Bilgilerinizi ve gereğini rica ederim.
B25: Tebliğ Eden | G25: Tebliğ Edilen
B26: İş Güvenliği Uzmanı | G26: İşveren/İ.Vekili
B27: =KAYIT!C8 -> 0 | G27: =KAYIT!C7 -> 0

Sheet DÜZELTİCİ ÖNLEYİCİ FAALİYET
D1: DÜZELTİCİ / ÖNLEYİCİ FAALİYET TALEP FORMU | N1: DÖF No
N2: Tarih
A3: Uygunsuzluğu Tespit Eden Kişi Tarafından Doldurulacaktır. | B3: Uygunsuzluğun İlginlendirdiği Bölüm / Kısım
B4: Faaliyet Türü: | J4: Düzeltici Faaliyet Önleyici Faaliyet
B5: Uygunsuzluğun Tanımı
B12: Talep Eden Birim
B13: Talep Eden | K13: Onaylayan
B14: İmza | K14: İmza
A15: Düzeltici / Önleyici Faaliyetler | B15: Uygunsuzluğun Muhtemel Sebepleri ( Kök Neden) :
B20: Yapılacak Düzeltici / Önleyici Faaliyetler | O20: Sorumlu | R20: Plan. Tarih | S20: Gerç. Tarih
B21: 1
B22: 2
B23: 3
B24: 4
B25: 5
B26: 6
B27: 7
B28: 8
B29: 9
B30: 10
B31: Sonuç
B36: Onaylayan | J36: İmza | O36: Tarih
A37: İzleme Denetimi | C37: Gerçekleştirilen faaliyet(ler) uygundur.
C38: Gerçekleştirilen faaliyet(ler) uygun değildir. (Tekrar DÖF Aç)
B42: Onaylayan | J42: İmza | O42: Tarih

Sheet KÖK NEDEN ANALİZİ
C1: İŞ KAZASI/GÜVENSİZ DAVRANIŞ KÖK NEDEN ARAŞTIRMA FORMU
B4: Kaza/Olay/Mesl. Hast. Meydana Geldiği Birim :
B5: Olayın Meydana Geldiği Yer :
B7: Kaza/Olay Tipi | C7: :
B11: KAZA/OLAY/MESLEK HASTALIĞI HAKKINDA BİLGİ
B12: Olay Tarihi | C12: : | F12: Görevi | G12: :
B13: Olay Saati | C13: : | F13: Tedavi Süresi | G13: :
B14: Birim Amiri | C14: : | F14: Kaybedilen Süre | G14: :
B15: Kazazede (ad-soyad) | C15: : | F15: Tedavi Eden | G15: :
B17: Yaralanan Vücut Bölgesi | C17: :
B20: Zarar Gören Ekipman | C20: :
B22: KAZA/OLAY/MESLEK HASTALIĞI TANIMI :
B44: BÖLÜM AMİRİ GÖRÜŞÜ : | F44: DEĞERLENDİRMEYİ YAPAN EKİP
F45: İSG Uzmanı | G45: : | J45: imza
F46: İşyeri Hekimi | G46: :
F47: İSG Kurul Üyesi | G47: :
F48: Diğer | G48: :
B51: ÖNERİLEN ÖNLEMLER

Sheet RAMAKKALA FORMU
A1: ÇALIŞAN GÜVENLİĞİ RAMAK KALA
A2: OLAY BİLDİRİM FORMU
I4: Tarih:….../....../......
I5: Saat:
A8: Bildirimi Yapan Kişi:….…..……………………………...… | H8: □ Olayı Yaşayan | J8: □ Tanıklık Eden
A9: Birimi - Görevi:…..………………………………………….
A11: Olayı Tanımlayınız:
A21: Olay Yerini Belirtiniz:………………………………..……..……………….…………………………
A22: Olayın Tekrarlanmaması İçin Çözüm Öneriniz (varsa):
A30: Bu Bölüm İş Güvenliği Sorumlusu Tarafından Doldurulacaktır.
A31: İş Güvenliği Sorumlusu:…
A39: Yapılacak Faaliyetler:
H45: Adı/Soyadı:
H46: İmza:

Sheet KazaOlayAraştırmaRaporu
B2: KAZA / OLAY ARAŞTIRMA RAPORU
B4: Kaza / Olay | C4: Kaza /olaya neden olan faaliyet : | G4: ……………………………………………………………………………………………………..
C6: Kaza / olay nerede ve ne zaman oldu : | G6: ……………………………………………………………………………………………………..
C8: Kaza / olay türü : | G8: ……………………………………………………………………………………………………..
C10: Kaza / olay sonucu: | G10: ……………………………………………………………………………………………………..
B13: Kazazedenin | C13: Adı Soyadı | H13: Yaşı
C14: Görev Ünvanı | E14: teknik personel | H14: Sigorta sicil no
C15: Görev yaptığı bünye | E15: teknik personel | H15: Görev Süresi
B18: KAZA VE OLAYIN TANIMLANMASI
B19: Kazanın oluş mekanizmasını ve semasını tanımlayınız.Kazaya ilişkin resimleri kaza / olay tanımlamasını doğrulamak amacıyla metin içinde uygun yerlerde kullanmanız uygun olacaktır.
B48: Kazaya ilişin risk analizi yapılmış, risk kontrol süreci uygulanıyor mu ? Kurul Kararı var mı?
B56: Kaza/ olay ilişkin ;
B57: Tehlike:
B58: Risk:
B59: Kök Sebep:
B61: Kazanın tekrarını engellemek için planlanan düzeltici -Önleyici faaliyetler nelerdir?
B76: Görgü Sahidinin | C76: Adı Soyadı
C77: Görev Ünvanı
C78: Görev yaptığı bünye
B80: Görgü Sahidinin | C80: Adı Soyadı
C81: Görev Ünvanı
C82: Görev yaptığı bünye
B84: Görgü Sahidinin | C84: Adı Soyadı
C85: Görev Ünvanı
C86: Görev yaptığı bünye
B88: Ek-1 Görgü sahitlerinin ifade tutanakları alınması ve kaza / olay arastırma formunun eki olarak saklanması uygun olacaktır.
B92: Raporun düzenlenme tarihi: | F92: …..…./…..…../……….. | J92: İmza
B93: Raporu düzenleyen :
B94: Raporu Onaylayan:

Sheet İş Kazası Tutanağı
A1: İŞ KAZASI TUTANAĞI
A2: Kaza tarihi : | C2: Kaza Saati :
A3: Kazalının Adı Soyadı : | C3: Kaza Yeri :
A4: Kazalının TC : | C4: Yaralanan Bölge :
A5: Kazanın anlatımı (Kazalıya göre) : Kazanın anlatımı (Tanığa göre) :
A7: Kazalı | C7: Tanık
A8: Bölüm Amiri | B8: İş Güvenliği Uzmanı | D8: Tarih

Sheet  İŞ KAZASI MÜDAHALE PLANI
D2: İŞ KAZASI YÖNERGESİ | I2: =KAYIT!C5 -> 0
D4: =KAYIT!C1 -> 0
C9: İŞ KAZASI MÜDAHALE PLANI
J57: Sayfa 1 / 1

Sheet İŞ KAZASI YÖNERGESİ
C10: İŞ KAZASI YÖNERGESİ
F49: =KAYIT!C6 -> 0
C51: =KAYIT!C1 -> 0
D60: İŞ KAZASI YÖNERGESİ | I60: =KAYIT!C5 -> 0
D62: =KAYIT!C1 -> 0
C67: İşyeri Unvanı | E67: =KAYIT!C1 -> 0 | H67: Hazırlama/ Güncelleme Tarihi | I67: =KAYIT!C6 -> 0
C70: İşyeri Adresi | E70: =KAYIT!C2 -> 0
C73: İşyeri Sicil No | E73: =KAYIT!C3 -> 0
B77: 1-AMAÇ: İşyeri üretim ve planlarında belirtilen işlerin yapımında meydana gelen ve çalışanları, üretimi, makineleri, takımları, araçları veya tesisi arızaya uğratıp zarar veren önceden planlanmayan veya istenmeyen olayları önlemeyi amaçlar. 2-KAPSAM: Yasal tanımlarla belirlenen ve/veya işyeri sınırları dâhilinde meydana gelmesi muhtemel yaralanmalı, yaralanmasız veya maddi hasarlı tüm olayları kapsar.
B86: 3- SORUMLULUK:
B87: Bu talimattan, | D87: =KAYIT!C1 -> 0 | J87: 'nin
B88: =KAYIT!C2 -> 0
B89: adresinde çalışan İş yerinde görevli tüm personel ve İş yerlerinde görevli tüm Alt İşveren personeli sorumludur. 4. İŞ KAZASI TANIMLAMASI: 5510 sayılı Sosyal Sigortalar ve Genel Sağlık Sigortası Kanununun 13. maddesine göre, İş kazası; a) Sigortalının işyerinde bulunduğu sırada, b) İşveren tarafından yürütülmekte olan iş nedeniyle veya görevi nedeniyle, sigortalı kendi adına ve hesabına bağımsız çalışıyorsa yürütmekte olduğu iş veya çalışma konusu nedeniyle işyeri dışında, c) Bir işverene bağlı olarak çalışan sigortalının, görevli olarak işyeri dışında başka bir yere gönderilmesi nedeniyle asıl işini yapmaksızın geçen zamanlarda, d) Emziren kadın sigortalının, çocuğuna süt vermek için ayrılan zamanlarda, e) Sigortalıların, işverence sağlanan bir taşıtla işin yapıldığı yere gidiş gelişi sırasında, Meydana gelen ve sigortalıyı hemen veya sonradan bedenen ya da ruhen özüre uğratan olaydır. 4.1.Bir Olayın İş Kazası Olabilmesi İçin: 1. İş İle İlgili Olması, 2. İşyerinde veya kanunda sıralanan, yukarıda belirtilen, yerlerin birinde meydana gelmesi, 3. Kişiyi hemen veya sonradan bedenen veya ruhsal olarak hasara uğratması gerekmektedir. 4.2. İş Kazalarının Temel Sebepleri: İş kazasını oluşturan iki temel sebep mevcuttur. İş Kazası: Tehlikeli durum X Tehlikeli hareket
J115: Sayfa 1 / 5
D117: İŞ KAZASI YÖNERGESİ | I117: =I60 -> 0
D119: =D62 -> 0
B124: 4.2.1. Tehlikeli Hareketler (Güvensiz Hareketler) 1.Sorumsuz biçimde görev verilmeden ya da uyarılara aldırmadan güvensiz çalışmak, 2.Tehlikeli hızda çalışmak ya da alet kullanmak, 3.Güvenlik donanımını kullanılmaz duruma sokma, 4.Tehlikeli cihazlar kullanmak ya da donanımı güvensiz biçimde yönetmek, 5.Güvensiz yükleme, istif, karıştırma, vb. davranışlar, 6.Güvensiz Tahkimat ya da Nakliyat, 7.Hareketli ya da tehlikeli yerlerde çalışmak, 8.Şaşırmak, kızgınlık, suiistimal, irkilme gibi davranışlar, 9.Güvenliği önemsememek ya da kişisel koruyucu malzemeyi kullanmamak. 10.Bilgi eksikliği, tehlikeyi önemsememe, işi ciddiye almama, beceriksizlik, dikkatsizlik, ihmal, aşırı güven, aşırı cesaret, işi kaybetme korkusu, utanma, fiziksel eksiklikler, psikolojik sorunlar gibi kişisel hatalar. 4.2.2. Tehlikeli Durumlar (Güvensiz Durumlar) İşyerindeki tehlikeli durumlar, kaynağın türüne göre çok değişik faktörler olarak karşımıza çıkar. Aşağıda bunlardan bazıları örnek olarak belirtilmiştir. 1. Makine ve teçhizatın hareketli kısımları, 2.Makine ve iş ekipmanların koruyucu muhafazalarının bulunmaması, 3. Kişisel koruyucu donanımların eksik veya uygun olmaması, 4.Tehlikeli Bölgeler (Düşme, malzeme düşmesi veya parça fırlama tehlikesi olan yerler v.b.), 5. iş yerinde kullanılan tüm enerji kaynakları, 6.İşyerine Depolanan ve / veya Kullanılan Tehlikeli ve Zararlı Maddeler, 7.Nakliyat veya Sevkiyat, 8.Yetersiz aydınlatma, ısıtma, 9. Kaygan veya pürüzlü zeminler, 5. İŞ KAZA YERİ İNCELEMESİ 5.1. Kaza incelemesi a. Kazanın nedenini, nasıl olduğunu tespit etmek ve tekrarını önleyici tedbirler geliştirmek, b. Güvenlik kurallarının ne düzeyde uygulandığını belirlemek, c. Kazanın verdiği zararı tespit etmek, amacıyla yapılmaktadır. d. İşyerinde kaza incelemesi yapılırken inceleme prosedürünün uygulanmasından çok, kazanın gerçek nedenlerini bulmak için çaba sarf edilmelidir. 5.2. İş kazası inceleme ekibinde bulunması gereken personel: a. İşveren veya vekili, resmi makamlara bildirimde bulunmak ve kazaları inceleyip iş kazası raporu hazırlamaktan sorumludur. b. İdeal olanı, kaza incelemesinin işyeri ortamını ve endüstriyel ilişkileri, iş akış şemalarını, üretim prosedürlerini iyi bilen, inceleme teknikleri konusunda deneyimli, kaza nedenlerini araştırmada uzman bir kişi tarafından yapılmasıdır. Ancak, küçük ve orta ölçekli işletmelerde kaza incelemesi, işveren veya iş sağlığı ve güvenliği uzmanları tarafından yapılmalıdır.
J172: Sayfa 2 / 5
D174: İŞ KAZASI YÖNERGESİ | I174: =I117 -> 0
D176: =D119 -> 0
B181: 5.3. Kaza Anında Yapılan işin belirlenmesi: Kaza anında ne iş yapıldığı ve işin yapılış şekli anlaşılmaya çalışılır. Kaza inceleme ekibi veya kazayı inceleyen kişi şu sorulara cevap arayacaktır. a. Güvenli çalışma prosedürü kullanılıyor muydu? b. Şartların değişmesi mi, normal prosedürü güvensiz hale getirdi? c. Uygun makine ekipman ve/ veya malzeme kullanıma hazır mıydı? d. Bunlar kullanılıyor muydu? Güvenlik donanımları tam olarak çalışıyor muydu? e. Bu tarz soruların çoğuna eğer öyle değilse, niçin? Sorusu ilave edilmelidir. 5.4. Kaza Anında Kullanılan makine, ekipman ve/veya malzemelerin neler olduğunun belirlenmesi: Kullanılan makineler, ekipman ve/veya malzemelerden kaynaklanabilecek muhtemel nedenler araştırılmalıdır. Kazayı inceleyen kişi şu soruları sormalıdır; a. Kullanılan makine, ekipman ve/veya malzemelerde bir aksaklık var mıydı? b. Bu aksaklığa ne neden oldu? c. Makine tasarımı mı kötüydü? d. Tehlikeli maddeler var mıydı ve bu maddeler tanımlanmış mıydı? e. Daha az tehlikeli olan alternatif madde kullanılması mümkün müydü ve elde mevcut muydu? f. Hammaddenin standardı düşük müydü? g. KKD kullanılmalı mıydı, kullanıldı mı? h. Yine cevaplar güvenli olmayan koşulların varlığını doğruluyorsa, kazayı inceleyen kişi, bu aksaklığın oluşmasına niçin izin verildiği sorulmalıdır. 5.5. Kaza Anında Yapılan işin belirlenmesi: 5.6. Kazanın Oluşmasına Sebep Olabilecek Kişisel nedenlerin olup olmadığının Belirlenmesi: Doğrudan olayın içinde yer alan kişilerin fiziksel ve ruhsal durumları anlaşılmaya çalışılmalıdır. Kaza incelemesinde amaç, kişi veya kişileri suçlamak değildir. Görüşmeler kişilerin karakter özellikleri dikkate alınarak yapılmalıdır. Bu özelliklerin bazıları günden güne değişebilirken, bazı faktörler değişmeden kalacaktır. Kişilere sorulabilecek bazı sorular aşağıdaki gibi olabilir: a. İşçilerin yapılan işte tecrübeleri var mıydı? b. Yeterli eğitim almışlar mıydı? c. Fiziksel olarak bu işi yapabilecek durumdalar mıydı? d. Sağlık durumları nasıldı? e. Yorgunluk durumu mevcut muydu? f. Stres altındalar mıydı? 5.7. Kazanın Oluşmasında Yönetim faktörünün rolünün olup olmadığının belirlenmesi: Yasal olarak işyeri güvenliğinden yönetim sorumludur. Bu nedenle iş güvenliği uzmanı ve daha üst düzey yönetimin rolü kaza incelemesinde her zaman dikkate alınmalıdır. Yönetime sorulacak sorular; a. Güvenlik kuralları bütün işçilere iletilmiş, anlaşılması sağlanmış mıydı? b. Nasıl uygulanacağına ilişkin yazılı metin elde mevcut muydu? c. Tatbik edilmesi sağlanmış mıydı? d. Yeterli gözetim yapılıyor muydu?
J229: Sayfa 3 / 5
D231: İŞ KAZASI YÖNERGESİ | I231: =I174 -> 0
D233: =D176 -> 0
B238: e. İşin nasıl yapıldığı konusunda işçiler eğitilmiş miydi? f. Tehlikeler daha önce tanımlanmış mıydı? g. Tehlikeleri yok etmek için bir prosedür (plan) geliştirilmiş miydi? h. Güvenli olmayan koşullar düzeltilmiş miydi? i. Makine ve teçhizatın bakımları düzenli olarak yapılmış mıydı? j. Güvenlik teftişleri yapılıyor muydu? Böyle bir kaza inceleme modeli, gerçeklere tek yönden bakma ihtimalini azaltarak kaza incelemesi yapan kişiye muhtemel tüm kaza nedenlerini ortaya çıkaran bir yol gösterici olur. Yine de sorular tam bir kontrol listesi oluşturmayıp sadece örnek olarak verilmiştir. 5.8. Kaza Anında Görgü tanıkları: Bazı durumlarda incelemeyi yapacak uzman geç haberdar edildiği için kazadan hemen sonra işyerinin incelenmesi mümkün olamaya bilmektedir. Bu durumda esas bilgi kaynağı görgü tanıkları olacaktır. Kaza incelemesi yapan uzman için en güç iş, görgü tanıkları ciddi duygusal stres altında olabileceklerinden, onlarla karşılıklı görüşmedir. Görgü tanıklarıyla kazadan sonra mümkün olduğunca pratik bir görüşme yapılır. Gerçeğin ne olduğu hususunda şüpheler var ise ve iş kazasını, olayı kendi aralarında tartışma fırsatı bulurlarsa, kişisel algılamaları, ortak görüş yönünde değişebilir. Görgü tanıkları ile toplu görüşme yapılması yerine yalnız görüşme tercih edilmelidir. Görüşmenin kazanın vuku bulduğu yerde yapılmasına karar verilebilir. Bu durum kaza anında ilgili kişi / kişilerin nerde olduğunun, duruş pozisyonlarının ve olayın kolayca anlaşılması açısından yararlı olacaktır. Ya da görüşmenin sessiz bir ofis ortamında yapılması tercih edilebilir. Bu karar görgü tanıklarının ruhsal durumlarına ve iş kazasının şekline bağlı olarak değişebilir. 5.9. İş Kazası Raporunun Yazılması: Kaza incelemesi Raporu'nun da kazanın nasıl olduğu anlatılırken, okuyucuların konu hakkında hiçbir şey bilmediklerinin dikkate alınması ve olay sıralamasının yanı sıra konu ile ilgili detaylı fotoğraf ve diyagramların ilave edilmesi, sadece kelimelerin kullanılmasından daha uygun olabilir. Kaza nedenleri anlatılırken esas kaza nedeni ile kazanın meydana gelmesini kolaylaştıran faktörlerin karıştırılmamasına özen gösterilmelidir. Kaza incelemesi raporuna bütün delillerin ve tanıkların ifadelerinin olduğu gibi yazılması gerekmektedir. Kararlarınızın nedenleri belirtilmeli ve bunu öneriler izlemelidir. Kazanın tam olarak anlaşılması için gerekli olmayan materyal (fotoğraf, diyagram, ifade) rapordan çıkarılmamalıdır. İyi bir kaza inceleme raporu kısa, öz ve anlaşılabilir olmalıdır. 5.10. İncelemede, kaza nedeninin insan hatası olduğunu gösterdiğinde yapılması gerekenler: İşyerinde baştan sona yapılan kaza incelemesi, yönetici, formen ya da işçiler arasından bir ya da birden fazla kişinin hatalı olduğunu gösterirse, bu gerçek, rapora yazılmalıdır. Burada amaç şahısları cezalandırmak değil, duruma bir çözüm bulmaktır. Kişinin o hatayı yapmasına izin veren sistemin sorgulanması ve daha iyi bir duruma getirilmesi, daha sonra olabilecek kazaların önlenmesine katkıda bulunacaktır. Kazaya neden olan insan hatasına dikkat çekilmesi, inceleme raporunun kalitesini azaltacak ve gerçek nedenin üzerinde odaklanılmadığı için, ileride benzer nedenlerden dolayı yeni kazalar da ortaya çıkabilecektir.
J286: Sayfa 4 / 5
D288: İŞ KAZASI YÖNERGESİ | I288: =I231 -> 0
D290: =D233 -> 0
C295: 6- İŞ KAZASI GENEL KURALLAR 1. Herhangi bir yaralanma durumunda, kazalı en yakın sağlık birimine götürülecek veya Sağlık Memuruna haber verilerek, ilk tıbbi müdahale yaptırılacaktır. 2. Sağlık Memuru ilk tedaviyi yaparak, gerekli gördüğü yaralanmalarda İş Kazası Vizite Raporu düzenlenerek, kazalıyı en yakın sağlık kuruluşuna sevk edecektir, gerekirse Ambulans çağrılacaktır. 3. Acil müdahalenin gerektiği durumlarda, kazazede derhal en yakın sağlık kuruluşuna götürülecek ve İş Kazası Raporu, Vizite Kâğıdı gibi gerekli olan evraklar daha sonra düzenlenecektir. 4. Ağır Yaralan Malı Veya Uzuv kaybına neden olan iş kazalarında yine Sağlık Memuruna ve Ambulans' a haber verilecek gerekirse yaralı uygun bir araçla derhal hastaneye götürülecektir. 5. ÖLÜMLE sonuçlanan iş kazalarında kazazede, yerinden kaldırılmayacak ve makine durdurularak çalıştırılmayacak, olay mahallinde değişiklik yapılmayacak, Derhal Yetkili Kişilere Haber Verilecektir.
C308: 6. Haber Verilecek Kişiler Ve Telefonları:
C310: Sağlık Birimi(İlk Yardım için) :
C311: Ambulans(ACİL) : | G311: 112
C312: İş Güvenliği Uzmanı :
C313: İşveren veya İşveren Vekili Tel :
C315: 7. Ölümlü İş Kazası Halinde Bilgi Verilecek Kişi Ve Kurumlar: -Derhal Şirket Yönetimine, İş Sağlığı ve Güvenliği Kurulu Başkanı ve Sekreterine, -Şirketin Hukuk danışmanına, -Olayın olduğu bölgeden sorumlu Polis veya Jandarma Karakollarına, Cumhuriyet Savcılığına derhal haber verilecektir. -Çalışanın Ailesine, -Çalışma Bakanlığı Bölge Çalışma Müdürlüğüne iki işgünü içerisinde (48 saat içinde İşyeri Bildirim Formu (Ek-3) ile birlikte bildirimde bulunulacaktır. NOT: 2011/57 sayılı T.C. Sosyal Güvenlik Kurumu Başkanlığı, Sosyal Sigortalar Genel Müdürlüğü tarafından yayınlanan Genelge ile İş kazaları Bölge Çalışma Müdürlüklerine intikal ettirilmeyecektir. -SGK Müdürlüğüne üç (3) iş günü içerisinde (72 saat içinde) bildirimde bulunulacaktır.
D335: İş Güvenliği Uzmanı | G335: İşveren / İ.Vekili
D336: =KAYIT!C8 -> 0 | G336: =KAYIT!C7 -> 0
J343: Sayfa 5 / 5

Sheet ZİMMET TUTANAĞI
A1: KİŞİSEL KORUYUCU DONANIM
A2: ZİMMET TUTANAĞI
A3: 6331 sayılı İş Sağlığı ve Güvenliği Kanunu uyarınca, işyerinde kullanılması gereken ve aşağıda adı geçen kişisel koruyucu donanımı, belirlenen miktarda, sağlam ve çalışır durumda ve muhakkak surette kullanmak üzere teslim aldım. Bu kişisel koruyucuları nerede, ne zaman ve nasıl kullanacağım, nasıl temizleyip, muhafaza edeceğim ve kullanmadığım takdirde karşılaşacağım tehlikeler konusunda tarafıma verilen eğitimler esnasında bilgilendirildim. İşimle ilgili verilen bu kişisel koruyucu donanımları; 1. İş esnasında mutlaka verilen eğitimler doğrultusunda kullanacağımı, 2. Bunları kullanmadığım takdirde bana ihtar verileceğini, ikinci ihtarda ise İş Kanunu’nun 25/II-h maddesi uyarınca görevime son verileceğini, 3. Sürekli uygun kullanım için bakımını ve temizliğini yaparak muhafaza edeceğimi, 4. Kişisel koruyucu donanımların eskimesi veya arızalanması halinde, yenisini almak üzere iade edeceğimi ve arızalı kullanılmayacak durumdaki kişisel korucu donanımlar ile çalışmayacağımı, Kabul ve Taahhüt ederim.
A4: KKD TÜRÜ | D4: MİKTAR | F4: TARİH | G4: İMZA
A5: Ayakkabı (Çelik Burunlu/Yazlık/Kışlık)
A6: İş Elbisesi-İş Yeleği (Yazlık/Kışlık/Yağmurluk)
A7: Kulak Tıkacı-Kulaklık
A8: Tam Vücut Emniyet Kemeri
A9: Baret-Şapka
A10: Koruyucu Gözlük-Yüz Siperi
A11: Çizme
A12: Eldiven-Kolluk-Bileklik
A13: Maske (Toz/Gaz)
A14: Kaynakçı Miğferi
A17: TESLİM EDEN GÖREVLİ | D17: TESLİM ALAN ÇALIŞAN
A18: ADI SOYADI | B18: : | D18: ADI SOYADI | E18: :
A19: TC | B19: : | D19: TC | E19: :
A20: GÖREVİ | B20: : | D20: GÖREVİ | E20: :
A21: İMZA | B21: : | D21: İMZA | E21: :
G23: Sayfa 1/1

Sheet GENEL TALİMATLAR
C10: İŞ SAĞLIĞI VE GÜVENLİĞİ TALİMATI
F44: =KAYIT!C6 -> 0
C47: =KAYIT!C1 -> 0
F56: İŞ SAĞLIĞI VE GÜVENLİĞİ TALİMATI
F58: =KAYIT!C1 -> 0
C61: 1-AMAÇ: Bu talimat, İşyerinde İş Sağlığı ve Güvenliğinin temini, kazaların en alt düzeye indirilerek
C62: can ve mal emniyetinin sağlanmasını, her türlü tesis ve malzemenin hassasiyetle korunmasını
C63: sağlamak amacıyla hazırlanmıştır.
C65: 2-KAPSAM: Bu talimat, | E65: =KAYIT!C1 -> 0
C66: =KAYIT!C2 -> 0
C67: adresinde faaliyet gösteren, Gaziantep işletmesini kapsar.
C69: 3- SORUMLULUK:
C70: =E65 -> 0
C71: işletmesinde görevli tüm personel ve Alt İşveren personeli; bu talimatta belirtilen hususlara ve emniyet kurallarına uymakla, ayrıca kullandığı her türlü makine, tezgâh, araç, cihaz, madde ve malzemeyi mutlaka özel kullanma ve çalışma talimatına uygun olarak kullanmakla, bu talimatta belirtilen hususlara aykırı göreceği durumları amirine bildirmekle sorumludur. Yukarıda belirtilen esaslar çerçevesinde; işin özelliğine göre temin edilmiş olan her türlü makine, teçhizat, işletme malzemeleri ile koruyucu malzemelerin, emniyetli şekilde kullanılmasından, bu talimat ve ilgili diğer özel talimatlar doğrultusunda; yönetiminde personel çalıştıran her kademedeki amir müteselsilen (derece, derece) sorumludur. İlgili personeller, bu talimatta yazılı olmasa dahi iş sağlığı ve güvenliği ile ilgili olarak mevcut iş kanunu ve ilgili yönetmeliklere göre hareket etmek zorundadır. 4-GENEL KURALLAR 4.1) İş ekipmanları, kullanan işçilere ve diğer çalışanlara en az risk oluşturacak şekilde yerleştirilecek, kurulacak ve kullanılacaktır. Bu amaçla, iş ekipmanının hareketli kısımları ile çevresinde bulunan sabit veya hareketli kısımlar arasında yeterli mesafe bulunacak ve ekipmanda kullanılan ya da üretilen enerjinin ve maddelerin güvenli bir şekilde temini ve uzaklaştırılması sağlanacaktır. 4.2) Şantiye ilan tahtasına veya panosuna şantiyenin muhtelif kısımlarına asılmış bulunan veya asılacak olan iş sağlığı ve güvenliği kuralları okunacak ve bu kurallara uyulacaktır. 4.3) Meydana gelen en ufak iş kazaları, şantiyenin ilgili ve sorumlularına haber verilecektir. 4.4) Şantiye şefi ve Amirleri tarafından, zaman zaman tarafınıza bildirilecek yazılı ve sözlü kurallara uyulacaktır. 4.5) İşyerinin muhtelif yerlerine, çeşitli maksatlar için asılmış bulunan uyarı(ikaz) levhalarını tek tek okunacak ve bu levhalardaki uyarılara eksiksiz uyulacaktır. Güvenlik ve Sağlık işaretlerinin yerleri, İş Sağlığı ve Güvenliği Uzmanının haberi ve izni olmadan değiştirilmeyecektir. 4.6) Alt işverenlerde, iş sağlığı ve güvenliği talimatlarına uymakla yükümlüdür.
K107: Sayfa 1 / 11
F110: İŞ SAĞLIĞI VE GÜVENLİĞİ TALİMATI
F112: =F58 -> 0
C115: 4.7) İşin gereği olarak şahsınıza verilen kişisel koruyucular, örneğin; baret(miğfer), emniyet (güvenlik) kemeri, lastik çizme, gözlük vs. çalışma esnasında devamlı olarak kullanılacaktır. Bu malzemeler eskir, kırılır veya kaybolursa amirinize haber vererek ve izin alarak ambardan yenisi alınacaktır. İşinizin gereği ve can güvenliğiniz için çok önemli olan bu koruyucular olmadan çalışma yapılmayacaktır. 4.8) Şahsınıza verilen kişisel koruyucu malzemeler iyi ve temiz bir şekilde kullanılacak ve muhafaza edilecektir. Şahsınıza verilen kişisel koruyucu malzemeleri kaybetmemek için icabında çalıştığınız ortamda muhafaza altına alınacaktır. 4.9) Şahsınıza verilen görev, size tarif edildiği şekilde yapılacak, kendi işinizden başka bir işe karışılmayacak, amirinizin verdiği emir ve talimatlara kesinlikle uyulacaktır. 4.10) Beraber çalıştığınız iş arkadaşlarınızı ve şantiyede çalışan diğer çalışanları kazaya uğratmayacak şekilde dikkatlice çalışılacak, bu konuda işe yeni giren personele yardımcı ve yol gösterici olunacaktır. 4.11) Personel zorunlu olmadıkça görev yerlerini terk etmeyecektir. Zorunlu hallerde ancak bağlı oldukları amirlerinden izni alarak, görev yerinizden ayrılabilecektir. 4.12) Güvenli kullanım konusunda eğitim almadığınız araçları veya maddeleri asla kullanmayın. Araç ve maddeleri kullanmadan önce uyarılara dikkat edin. Şüphelendiniz durumlarda daima yetkililere sorularak, çalışma yapılacaktır. 4.13) Vardiya değişimlerinde tezgâh ve makinelerdeki değişiklikleri işe başlayacak olan personele mutlaka bildirilecektir. 4.14) Çalışırken üzerinizde yüzük, künye, kol saati ve anahtarlık vb. ziynet eşyası kesinlikle bulundurulmayacaktır. 4.15) Çalışan personelin inşaat sahasına uykulu, uyarıcı, uyuşturucu veya alkollü olarak gelmeleri ve çalışmaları kesinlikle yasaktır. 4.16) Çalışma alanları, binalar ve makinelerden; daima güvenli olarak inilmeli veya çıkılmalıdır. İşyerinde yüksekten asla atlanılmayacak, çalışma alanlarında koşulmayacaktır. 4.17) Dikkat ve konsantrasyon gerektiren işlerde çalışan personel çalışmaları esnasında asla rahatsız edilmemeli ve dikkatleri dağıtılmayacaktır. 4.18) Çalışma alanlarında şaka yapmaktan ve gereksiz konuşmalardan kaçınılacaktır. İşyerinde asla el şakası yapılmayacaktır. 4.19) Şantiye sahası içinde hiçbir şekilde yatılmayacak ve uyunmayacaktır. 4.20) Personel şantiye sahasına misafir, akraba vb. kişiler kabul etmeyecektir. 4.21) Ağır yük kaldırırken bacaklar bükülecek, yük belinizle değil, bacaklarınızla kaldırılacaktır. 4.22) Malzemeler daima dikkatli ve güvenli bir şekilde taşınmalıdır. Malzeme artıkları yerlere atılmamalı ve istifleme esnasında tehlikeli olabilecek düzenlemelerden kaçınılmalıdır. 4.23) Şantiyede inşaat alanında, sivri uçları veya keskin kenarları bulunan malzeme ve artıklar gelişi güzel yerlere atılmayacak ve ortalıkta bulundurulmayacaktır. Bu tür malzemeler, onlar için ayrılmış bölümlerde toplanacaktır.
K160: Sayfa 2 / 11
F163: İŞ SAĞLIĞI VE GÜVENLİĞİ TALİMATI
F165: =F112 -> 0
C168: 4.24) Şantiyede inşaat alanında, kazaya sebep olacak veya çalışanları tehlikeli durumlara düşürecek şekilde malzeme istif edilmeyecek ve araçlar bulunmaları gereken yerden başka yerlere bırakılmayacaktır. 4.25) Şantiye alanında bulunan kişilerin ve personellerin, Kendi iş mahalli dışındaki alanlar ve makine ve tezgah v.b. başlarında bulunmaları ve bu alanlarda dolaşmaları yasaktır. 4.26) Ölüm tehlikesi işareti olan yerlere ve ilgili personelden başkasının girmesi ve yasak olan yerlere müsaadesiz girmek yasaktır. 4.27) Ehliyet gerektiren işler ve iş makinelerinde, Ehliyetsiz veya Sertifikasız eleman çalıştırılmayacaktır (Loder, Beko, Forklift vb.). İş makinelerinin üzerinde operatörden başkası bulunmayacaktır. 4.28) Her türlü arıza ve sorun derhal sorumlu ve ilgililere haber verilecektir. 4.29) Göreviniz olmadıkça hiç bir elektrik teline dokunmayınız, tehlikeli ve yasaktır. 4.30) Yüksek ve alçak gerilimin bulunduğu yerlere yaklaşmak tehlikeli ve yasaktır. 4.31) İş ekipmanının kurulması veya sökülmesi, özellikle imalatçı tarafından verilen kullanma talimatı doğrultusunda güvenli koşullar altında yapılacaktır. 4.32) Kullanımı sırasında yıldırım düşmesi ihtimali bulunan iş ekipmanı yıldırımın etkilerine karşı uygun araçlarla korunacaktır.
C194: 4.33) Düşme, kayma tehlikesi olan ve üç metreden daha yüksek kısımlarda çalışırken mutlaka güvenlik (emniyet) kemeri kullanılacaktır. Bu gibi yerlerde emniyet kemersiz çalışmak kesinlikle yasaktır. 4.34) Cam, saç ve çimento harçlı levhalardan yapılmış veya eskimiş yıpranmış dayanıklılığı azalmış çatılarda çalışacağınız zaman ilk önce iş yeri ilgili ve sorumlulardan çatı merdiveni temin edin ve bunu kullanın ve buralarda tam güvenliği sağlanmadıkça çalışılmayacaktır. 4.35) Yüksek yerlere izinsiz çıkmak, gezmek tehlikeli ve yasaktır. 4.36) Kuvvetli rüzgâr alan kısımlarda, yetkili ve sorumluların izni ve haberi olmadan çalışılmayacaktır. 4.37) Patlama, yanma ve parlama tehlikesi olan yerleri gerekli kontrol, havalandırma ve kaçak tespiti yapmadan girilmeyacektir. Bu yerlerde patlayıcı ve yanıcı ortam oluşturacak alet, edevat ve malzemeler kullanılmayacaktır.
K214: Sayfa 3 / 11
F217: İŞ SAĞLIĞI VE GÜVENLİĞİ TALİMATI
F219: =F165 -> 0
C222: 4.38) Kimyasal maddeleri ilgili yönetmelik ve imalatçı firmaların kullanım talimatlarına uygun kullanılacaktır. Bu maddelerin aşındırıcı, tahriş edici, toksik, alerjik, kansorojen ve diğer tüm etkilerini ve korunma bilgilerini içeren Kimyasal Bilgi Formları üzerlerinde bulundurulacak ve buralarda belirtilen talimatlar doğrultusunda çalışılacaktır. 4.39) Asit üzerine su dökmeyiniz, tehlikeli ve yasaktır. 4.40) Çalışanların, yılda bir kez, periyodik sağlık kontrolleri yapılarak, Ağır ve Tehlikeli İşlerde çalışabilir raporları yenilenecektir. 4.41) Yemekhane ve çay ocağı personelinin, üç ayda bir kez, portör muayeneleri yapılacaktır. A) YANGINLA İLGİLİ GENEL KURALLAR
C242: 4.42) Sigara içilmesi yasaklanan yerlerde, kesinlikle sigara içilmeyecek, ateşle yaklaşılmayacak, açık alevli cihaz kullanmayacak, kaynak yapılmayacaktır. 4.43) Şantiye sahasında meydana gelecek en küçük bir yangın derhal sorumlu ve ilgilerine haber verilecektir. 4.44) Yangın söndürme tüpleri, altı ayda bir periyodik olarak, yetkili servislerce kontrol edilecek ve kontrol tarihi etikete işlenerek imzalanacaktır. 4.45) Yağ, akaryakıt, boya veya organik tozlar gibi parlayıcı maddelerin yangınlarında ve alçak gerilim elektrik tesislerindeki yangınlarda su kullanılmayacaktır. 4.46) Parlayıcı sıvılar, yağlar ve boyalardan doğacak yangınlarda, içinde kuru kimyevi toz veya köpük bulunan yangın söndürme cihazlarını kullanılacaktır. 4.47) Gerilim altındaki elektrik tesis ve cihazlarında çıkan yangınlarda karbondioksitli, tiplerde yangın söndürme cihazı kullanılacaktır. 4.48) Yanıcı malzeme, kaynak işlerinden uzak tutulacaktır. 4.49) Boşalan yangın söndürme cihazları doldurulacaktır. 4.50) Bir yangınla karşılaştığınızda; a) Telaşlanmayınız b) Bulunduğunuz yerde yangın ihbar düğmesine basınız veya varsa çan çalınız. c) İtfaiye teşkilatına haber vermek için telefon ediniz. d) Yangın yerinin adresini en kısa ve doğru şekilde bildiriniz. e) Mümkün ise yangının cinsini de bildiriniz.(Bina, benzin, motorlu vasıta v.s.gibi) f) Yangını çevrenizdekilere ve ilgililere en kısa sürede duyurunuz. g) İtfaiye gelinceye kadar yangını söndürmek için elde mevcut, araç gereç ve imkânlardan faydalanmaya çalışınız, bu işlemleri yaparken kendinizi ve başkalarını tehlikeye atmayınız. h) Yangının yayılmasını önlemek için yanıcı maddeleri yangın mahallinden uzaklaştırınız. I) Görevlilerden başkasının yangın sahasına girmesine mani olunuz.
K268: Sayfa 4 / 11
F271: İŞ SAĞLIĞI VE GÜVENLİĞİ TALİMATI
F273: =F219 -> 0
C276: B) ELEKTRİKLE ÇALIŞMA İLE İLGİLİ GENEL KURALLAR
C287: 4.51) Elektrikle ilgili arızalar elektrikçiye, elektrik servisine veya şantiyenin elektrik sorumlusuna haber verilecektir. 4.52) Kullanılan iş ekipmanlarında herhangi bir arıza tespit edilirse derhal yetkili amirine haber verilecektir. Çalışma ve bakım esnasında, arızalı takım ve malzeme kullanılmayacaktır. 4.53) Sorumlu ve ehliyetli elektrikçiden başka hiçbir personel elektrikle ilgili işlerle ilgilenemez. Yasak ve tehlikelidir. 4.54) Elektrik panosu veya tablosuna kolay müdahale veya kontrollerinin yapılabilmesi için üzerine, çevresine hiç bir malzeme koyulmayacaktır. 4.55) Elektrik işleri ile Görevli olmadığı halde şalter ve kontrol tablolarına müdahale etmek açmak veya kapamak yasaktır. 4.56) Elektrik pano veya tablosu çevresine su dökmek, su sıkmak kesinlikle olarak yasaktır. 4.57) Şantiye sahasının muhtelif kısımlarında bulunan enerji nakil hattına, herhangi bir nedenle yaklaşılmayacak ve dokunulmayacaktır. Ayrıca bu hatlara demir, boru veya buna benzer malzemeler yaklaştırmayacak ve dokundurulmayacaktır. Ölüm tehlikesi vardır. 4.58) Hat, motor, sigorta ve diğer bütün elektrik tesis ve tesisatlarında tehlike mevcuttur. Bu gibi yerlerde yapılacak işlemler; Örneğin Sigorta butonu değişmesi vs. ancak, sorumlu ve salahiyetli kişiler tarafından gerilim olmadığı zaman yapılacaktır. 4.59) Elektrik tesisatını, aydınlatma ve kuvvet tesislerini ancak sorumlu ve yetkili elektrikçi tamirat ve bakımını yapmalıdır. Bakım, onarım, lamba takılması veya değiştirilmesi, şalter ve buna benzer elemanların takılması veya değiştirilmesi de ancak sorumlu ve yetkili elektrikçi tarafından yapılmalıdır. Yetkisiz kimseler kati surette bu elektrikle ilgili hiçbir işe müdahale etmeyeceklerdir. 4.60) Sorumlu ve yetkili kişiler tarafından kontrol edilmeyen topraklama kullanılmayacaktır. Topraklamaya dokunulmayacaktır. 4.61) Yer altındaki elektrik kablolarına boru veya kazık çakmak veyahut ta başka bir işlem yapmak kati surette yasaktır. Ölüm tehlikesi vardır. 4.62) Şalteri devreden çıkarın sonra fişi çekin veya sokun. 4.63) Elektrikli el aletlerinde uyulacak kurallar;
K322: Sayfa 5 / 11
F325: İŞ SAĞLIĞI VE GÜVENLİĞİ TALİMATI
F327: =F273 -> 0
C330: a. Elektrikli aletini kullanmadan önce kontrol edilmelidir. b. Güvenlik topraklaması arızalı olan aleti kullanılmamalıdır. c. Dar ve rutubetli yerlerde küçük gerilimle (42 volt) çalışılmalıdır d. Hareketli ve döner kısımları korunmamış aleti kullanılmamalıdır. e. Elektrikli alet ile parlayıcı veya patlayıcı ortamda çalışılmamalıdır. 4.64) Elektrik tesislerinde yapılan çalışmalar ile ilgili kurallar; a. Şalteri serbestçe açılacaktır. ( Bıçaklı şalterlerde bir önceki şalter açılacaktır.) b. Şalterin devreye girmemesi için gerekli güvenlik tedbirini alınacaktır. c. Gerilim kontrolü yapılacak ve gerilim olmadığından emin olunacaktır. d. Topraklama ve kısa devre yapılacaktır. e. Gerilim altındaki kısımların veya bölmelerin kapaklarını kapatılacaktır. f. İşiniz bittikten sonra, gerilim verilebileceği zaman yukarıdaki işlemleri tersten yapılacaktır. g. Yukarıda açıklanan işlemleri sorumlu ve yetkili elektrikçiler yapacaktır. 4.65) Bakım ve Onarım işlerinde; atölye disiplinine riayet etmek şarttır. Alet ve edevat zimmetle alınıp verilecek. Kullandığı alet ve edevatı başkalarına kullanmak üzere vermek veya başkalarından kendine ait olmayan aleti ve edevatı almak yasaktır. C) PERİYODİK KONTROLLER İLGİLİ GENEL KURALLAR 4.66) Gürültülü işlerde çalışanların, yılda bir kez kulak odyoğramları çektirilecektir. 4.67) Yetkili Teknik Elemanlarca, yılda bir kez elektrik tesisat kontrolü yapılacak ve yapılan bu kontrol kayıt altına alınacaktır. 4.68) Yetkili Teknik Elemanlarca yılda bir kez topraklama ölçümleri yapılacak ve yapılan bu kontrol kayıt altına alınacaktır. 4.69) Yetkili Teknik Elemanlarca yılda bir kez paratoner kontrolü yapılacak ve yapılan bu kontrol kayıt altına alınacaktır. 4.70) Yetkili Teknik Elemanlarca yılda bir kez akaryakıt deposu statik elektrik kontrolü yapılacak ve yapılan bu kontrol kayıt altına alınacaktır. 4.71) Üç ayda bir içme ve kullanma suyu analizleri yapılacaktır. 4.72) Kompresörlerin, yetkili teknik elemanlar tarafından, yılda bir kez, periyodik kontrol ve testleri yapılacak ve yapılan işlemler kayıt altına alınacaktır. 4.73) Kazanların ve basınçlı kapların, yetkili kişiler tarafından, yılda bir kez periyodik kontrolleri ve testleri yapılacaktır. 4.74) Kaldırma ve taşıma araçlarının üç ayda bir, yetkili elamanlarca periyodik kontrolleri ve testleri yapılacaktır. 4.75) Arizalı alet, cihaz, makine ve tezgahların kullanılması kesinlikle yasaktır. 4.76) Herhangi bir makinenin normalin üstünde gürültü yapması halinde, makine derhal durdurulacak ve derhal yetkiliye bildirilecektir. 4.77) Çalışan makineye el, ayak ile veya başka bir malzeme ile müdahale edilmeyecektir. Makine çalışırken yağlama, tamirat veya bakim işleri yapılmayacaktır.
K376: Sayfa 6 / 11
F379: İŞ SAĞLIĞI VE GÜVENLİĞİ TALİMATI
F381: =F327 -> 0
C384: 4.78) Makine durdurulduktan sonra yapılacak yağlama, tamirat ve bakim sonucunda, makineye ait koruyucu muhafazalar, muhakkak yerlerine takılmalıdır. Koruyucu muhafazaları takılı olmayan hiçbir makine çalıştırılmayacak veya kullanılmayacaktır. Makinelerin kullanımı ile ilgili talimatlara ve uyarı levhalarına uygun olarak çalışılacaktır. D) MAKİNELER İLE İLGİLİ GENEL KURALLAR 4.79) Yeklinin iznini almadan makinelere ait muhafazalar(koruyucular) çıkartılmayacaktır. 4.80) Presin altına ve üstüne girilmesi, çıkılması (Dururken ve Çalışırken) kesinlikle yasaktır.
C400: 4.81) Her türlü bakım ve tamir için ilgili yetkili amire haber vermeden işe başlanmayacaktır. 4.82) Sigorta ve şalterleri devreden çıkarmadan bakıma başlanmayacak, kimseye itimat etme, kendi kontrolünü kendin yaparak çalışmaya başlanılacaktır. 4.83) Bakım yapılacak makinelerin kumanda düğmeleri, şalterlerine ve yol vericilerine, ‘Dikkat bakım var. Yol verme’ ikaz ve uyarı levhaları asılacaktır.
C418: 4.84) Oksijen ve gaz tüplerini sıcak yerlerde bırakmak veya bu tür yerlerde kullanmak tehlikeli ve yasaktır. 4.85) Oksijen tüplerini sıcaktan ve ateşten koruyunuz, çarpmayın ve düşürmeyin. 4.86) Elektrik kaynak makinesinin gövdesi, kaynak masası veya kaynak yapılan parça topraklanmadan kaynak yapmak yasaktır. 4.87) Kaynak işi bittiği zaman makinenin elektriği kesilecektir. 4.88) Maskesiz kaynak yapmak kesinlikle yasaktır. 4.89) Kaynak yapan kişi etrafındakilerin güvenliğinden sorumludur. 4.90) Yetkilinin izni veya emri olmadan atölye haricinde kaynak veya tamirat yapmak yasaktır. 4.91) Göreviniz olmadıkça hiç bir elektrik teline dokunmayınız, tehlikeli ve yasaktır. 4.92) Yüksek ve alçak gerilimin bulunduğu yerlere yaklaşmak tehlikeli ve yasaktır.
K430: Sayfa 7 / 11
F433: İŞ SAĞLIĞI VE GÜVENLİĞİ TALİMATI
F435: =F381 -> 0
C438: 4.93) İş ekipmanının kurulması veya sökülmesi, özellikle imalatçı tarafından verilen kullanma talimatı doğrultusunda güvenli koşullar altında yapılacaktır. 4.94) İşi emniyetli bir şekilde tamamlamak için gerekli alet ve ekipmanın yanınızda bulunduğundan emin olun. Sadece kullanılır durumda olan yalıtılmış aletleri ve elektrik test cihazlarını (yönetmeliklere uygun olan) kullanın. F) İŞ MAKİNALARI İLE İLGİLİ GENEL KURALLAR 4.95) Amirinin haberi olmaksızın, normal çalışma yerleri dışındaki tehlikeli yerlere tamir veya başka amaç ile girmek yasaktır. 4.96) Ehliyet gerektiren işler ve iş makinelerinde, Ehliyetsiz veya Sertifikasız eleman çalıştırılmayacaktır (Loder, Beko, Forklift vb.). İş makinelerinin üzerinde operatörden başkası bulunmayacaktır. 4.97) İş makinelerinde her türlü ariza ve aksama derhal sorumlu ve ilgililere haber verilecektir. 4.98) Kaldırma ve taşıma araçlarına (Vinç, Forklift, Çaraskal) kaldırma gücünden fazla yük yüklenmeyecek ve çalışırken altlarında durulmayacaktır. 4.99) Çalışan iş makinelerinin(Loder, Forklift, vb.) etki alanlarına girmek yasaktır. 4.100) Her türlü kaldırma araçlarının, yetkili makamlara ya da kişilere, üç ayda bir periyodik kontrolleri ve testleri yaptırılacaktır. 4.101) Caraskallar ve vinçler hareket halindeyken yanında ve altında durmak yasaktır. G) KALDIRMA ARAÇLARI İLE İLGİLİ GENEL KURALLAR 4.102) Kaldırma araçları ile kapasitesinden daha fazla yük taşımayın. 4.103) Yük asansörü ile inip çıkmayın. 4.104) Yük asansörü katta durmadan yaklaşmayın. 4.105) Yük asansörünün katlarda durduğu yere gerekli güvenlik tedbirini almadan yaklaşmayın. 4.106) Yük asansörünün alt tarafına yaklaşmayın. H) VİNÇ İLE İLGİLİ KURALLLAR 4.107) Vincin çekme ve hareket limitini her gün çalışmaya başlamadan önce test et. 4.108) Taşınan yük altında çalışma varsa, çalışanlara yaklaşırken uyarı sinyalini aç. 4.109) Vinç tarafından birkaç santimetre kaldırma yapıldığında, yükü dengele. 4.110) Kaldırılan yük vincin kapasitesine yaklaştığında, fren tertibatını test et. Yükü birkaç santimetre kaldır ve tümüyle kaldırmadan önce fren tertibatını kontrol et. 4.111) Ekipmanda uygun aralıklarla görsel kontroller yap ve eksiklikleri hemen yetkiliye bildir. 4.112) Kaldırma yapmadan önce yükün üzerindeki uygun donanımı gözle. 4.113) Durdurmak için limit düğmesini değil, kontrol düğmesini kullan. 4.114) Standard el işaretlerini bil. 4.115) Üreticinin kullanma kılavuzunu oku. 4.116) Vincin kapasitesinden fazla yük kaldırma. 4.117) Zarar görmüş ya da kırılmış halat kullanma. 4.118) Halat yerine oturmadan kullanma. 4.119) Yük kanca üzerinde merkezlenmeden taşıma yapma.
K484: Sayfa 8 / 11
F487: İŞ SAĞLIĞI VE GÜVENLİĞİ TALİMATI
F489: =F435 -> 0
C492: I) MERDİVEN İLE İLGİLİ KURALLAR
C501: 4.120) Merdivenlerde kullanılacak kereste sağlam olacaktır. Kereste üzerinde çatlak, yarık, çürük ve iri budak bulunmayacaktır. 2 metreden uzun merdivenler metal olacaktır. 4.121) El Merdivenleri kullanıldıkları yerlere, alt ve üst kısımları kaymayacak veya bu yerlerden kurtulmayacak şekilde yerleştirilecektir. 4.122) Sabit merdivenler dört basamaktan fazla ise, iki tarafına da korkuluk ve/ veya diğer tarafında duvar var ise tırabzan olacaktır. 4.123) Kırık ve eskimiş merdiven kullanılmayacaktır. İ) KAZI İLE İLGİLİ KURALLAR 4.124) Kazı sırasında, elektrik kabloları, gaz boruları, su boruları veya suyolu, kanalizasyon ve benzeri tesisata rastladığınız takdirde kazı işlemini derhal durdurup sorumlu ve ilgililere haber verin. 4.125) Kazı sırasında zehirli ve boğucu gaz bulunduğu anlaşıldığı hallerde, derhal buradan uzaklaşın. Sorumlu ve ilgililere derhal haber verin. Sorumlu ve ilgili şahıslar tarafından gerekli önlemler alındıktan sonra kazı işlemine devam edin. 4.126) Kazı sırasında üst taraftan herhangi bir kayma veya göçme ihtimali belirdiği zaman derhal çalışma mahallini terk edin. Sorumlu ve ilgililere derhal haber verin. Gerekli önlemler alındıktan sonra kazı işlemine devam edin. 4.127) Bir buçuk metreden daha derin kazıları şevli yapın. Bu derinlikten sonra kazı şevsiz yapıldığı takdirde iksa (tahkimat) yapın. 4.128) Bir buçuk metreden daha derin olan kazı işlerinde, el merdivenleri ile inip çıkın. 4.129) Kuyu ve lağım çukurları gibi derin yerlerde çalışırken güvenlik kemeri ve sinyal iplerini yanınıza alın ve kullanın. Temiz hava sağlanmadıkça çalışmayın. 4.130) Kazı işlerinde yağış sırasında çalışmayın. Yağış durduktan ve güvenlik tedbirleri alındıktan sonra çalışın. 4.131) Islak elbise ile çalışmayın. 4.132) Su içinde çalışmanız gerekiyorsa çizme kullanın. 4.133) Kazıdan çıkan toprağı, kazı kenarından en az bir metre uzağa atın. 4.134) Kazı sahası içinde, çalışma dışında bulunmayın, oturmayın, yatmayın ve uyumayın. 4.135) Kazı işlemi sırasında ters şev vererek üst tarafı göçertmeyin. 4.136) Kazının üst kenarında bulunmayın. 4.137) Ekskavatör, Buldozer ve benzeri iş makinelerinin hareket alanı içine girmeyin ve yaklaşmayın. 4.138) İş makinelerinin üstüne çıkmayın. Bu gibi makineler üzerinde operatörden başkası bulunamaz.
K538: Sayfa 9 / 11
F541: İŞ SAĞLIĞI VE GÜVENLİĞİ TALİMATI
F543: =F489 -> 0
C546: K) KALIP İLE İLGİLİ KURALLAR 4.139)Kalıp yapımı sırasında boşluk taraflarına sağlam korkuluk yapılacaktır. 4.140)Kalıp bitimini müteakip kalıbı yetkili ve sorumlu kişilere kontrol ettirin. Kontrol sunucu müspet çıktığı takdirde ve diğer işlemler bittikten sonra beton dökün. 4.141)Kalıp sökümü aşağıda belirtilen esaslara göre yapılacaktır. 4.142)Kalıbı alınacak kısmın önce çaprazları, kolon kanatları alınacak ve saha temizlenecektir. 4.143)Sökme işi, sıpa ve benzeri araçlardan yararlanılarak yapılacaktır. Kalıbı sökülecek kısım üç metreden yüksek olduğu takdirde seyyar platform kullanın. Bu platform üzerinde işçi bulunduğu zaman platformu hareket ettirmeyin. 4.144)Sökülen kalıp malzemeleri atılmayacaktır. Uygun şekilde istif edilecektir. 4.145)Söküm sırasında, söküm yerine sökücüden başkası yaklaşmayacak ve girmeyecektir. 4.146)Dış yüz ve boşluk kısımlarda düşmeye karşı gerekli güvenlik tedbirlerini alın. L) İSKELE VE KORKULUKLA İLGİLİ GENEL KURALLAR 4.147) İskeleleri ve korkulukları kişileri ve cisimleri düşmekten koruyacak şekilde sağlam ve uygun malzemeden yapın. Çalışmaya başlamadan önce hareket ve oynama olup olmadığını kontrol edin. 4.148) İskelelerde çalışmaya başlamadan önce kontrol edin. Herhangi bir arıza mevcut ise durumu sorumlu ve ilgililere haber verin ve giderilince çalışmaya başlayın. 4.149) İskelede herhangi bir nedenle kayganlık meydana gelmiş ise bu sorun giderildikten sonra çalışmaya başlayın. 4.150) İskeleler üzerinde moloz ve artıklar bırakmayın. 4.151) İskelelerde korkuluksuz çalışmayın. Korkuluklarda bir tırabzan, orta seviyede bir ara korkuluk ve tabanında eteklik bulunup bulunmadığını ve sağlamlığını kontrol edin 4.152) İskelelerin düşeyliği ve yataylığı düzgün olmalıdır. 4.153) İskelelerin platformları kalas veya metal platformlarla döşenmiş olmalıdır. 4.154) Çalışma platformları iskeleye sıkıca tutturulmuş olmalıdır. 4.155) İskelenin yüksekliği en küçük taban boyutunun dört katını aştığında, iskele düzgün şekilde duvara veya taşıyıcı sisteme tutturulmalıdır. 4.156) İskelenin ayakları ayarlanabilir ve düzgün bir temel üstüne oturuyor olmalıdır. 4.157) Balkon ve buna benzer yerlerde sıva, boya veya buna benzer işler yapılacağı zaman harici iskelenin kurulmasını bekleyin harici iskele kurulduktan sonra işinizi yapın. 4.158) İskele sökümü yukarından aşağıya doğru yapılacaktır. 4.159) İskele de sökümü sırasında alt tarafta hiçbir kimse bulundurulmayacaktır. Bu nedenle bir gözcü görevlendirin. 4.160) İskele elemanları tek tek sökülecektir. 4.161) Her türlü arıza ve sorun derhal sorumlu ve ilgililere haber verilecektir.
K592: Sayfa 10 / 11
F595: İŞ SAĞLIĞI VE GÜVENLİĞİ TALİMATI
F597: =F543 -> 0
C600: M) NAKLİYE İLE İLGİLİ KURALLAR
C610: 4.162) Şantiye alanında kullanılan araçlar için belirlenen azami sürat kesinlikle aşılmamalıdır. 4.163) Kamyon damperleri kalkık şekilde kullanılmayacaktır. 4.164) Araçların manevralarında muhakkak surette işaretçi kullanılacak ve bu kişi; giriş – çıkış ve manevraları idare edecektir. İki araç veya makine arasında görünmeyi engelleyecek kör noktalarda çalışma yapılmayacaktır. 4.165) Araçlar, gerekli güvenlik tedbirleri alınmadan sürücüsüz bırakılmayacaktır. 4.166) Araçların sürücüleri araç mahallerinde veya kendileri için ayrılmış özel alanlarda yükleme ve boşaltma işleminin tamamlanmasını bekleyeceklerdir. Araç sürücüleri kesinlik bu alanlar dışında, hiçbir yerde dolaşmayacaktır. 4.167) Traktör şoförü yanına, traktör ile römork arasına, römork üzerine hiçbir şekilde binilmeyecektir.
C628: =F597 -> 0
C629: Yönetimi talimatta açıklanan kurallara uyulmasını değerli personeline beyan eder. Personelin
C630: talimatta yazan kurallara uyması zorunludur.
C634: İş Güvenliği Uzmanı | I634: İşveren / İ.Vekili
C635: =KAYIT!C8 -> 0 | I635: =KAYIT!C7 -> 0
K646: Sayfa 11 / 11

Sheet Acil Durum Planı-Ekler
F2: EK-1 | G2: ACİL DURUM ORGANİZASYON YAPISI
F56: EK-2 | G56: ACİL DURUM TELEFON NUMARALARI
F110: EK-3 | G110: İŞ KAZASI MÜDAHALE PLANI
F164: EK-4 | G164: BESİN ZEHİRLENMESİ MÜDAHALE PLANI
F218: EK-5 | G218: GAZ ZEHİRLENMESİ MÜDAHALE PLANI
F272: EK-6 | G272: YANIK MÜDAHALE PLANI
F326: EK-7 | G326: ELEKTRİK ÇARPMASI MÜDAHALE PLANI

Sheet ACİL DURUM PLANI
C10: ACİL DURUM PLANI
D44: =KAYIT!C6 -> 0
C47: =KAYIT!C1 -> 0
D57: ACİL DURUM EYLEM PLANI | I57: =KAYIT!C4 -> 0
C66: OSGB | F66: İVME ORTAK SAĞLIK GÜVENLİK BİRİMİ
F67: İncilipınar Mah.Nişantaşı Sok.Cazibe İş Merkezi No:13 Kat:2/205
F68: Şehitkamil/GAZİANTEP
F70: Tel: 0 342 2152041
F71: www.özelivmeosgb.com info@ özelivmeosgb.com
C72: İŞYERİNİN | D72: ÜNVANI | F72: =KAYIT!C1 -> 0
D75: ADRESİ | F75: =KAYIT!C2 -> 0
D77: SGK SİCİL NO | F77: =KAYIT!C3 -> 0
D78: TEHLİKE SINIFI | F78: =KAYIT!E5 -> 0
C83: Hazırlama Tarihi | F83: =KAYIT!C6 -> 0
C86: Yenilenme ve Geçerlilik Tarihi | F86: =KAYIT!E6 -> 0
C93: ADI | G93: ÜNVANI
C96: =KAYIT!C7 -> 0 | G96: İşveren / İşveren Vekili
C98: =KAYIT!C8 -> 0 | G98: İş Güvenliği Uzmanı
C100: =KAYIT!C9 -> 0 | G100: İşyeri Hekimi
C102: =KAYIT!D19 -> 0 | G102: Söndürme Elemanı
C104: =KAYIT!D25 -> 0 | G104: Kurtarma Elemanı
C106: =KAYIT!D31 | G106: Koruma Elemanı
C108: =KAYIT!D37 -> 0 | G108: İlkyardım Elemanı
J113: Sayfa 1 / 28
C114: İşveren / İ.Vekili | D114: İş Güvenliği Uzmanı | E114: İşyeri Hekimi | F114: Söndürme Elemanı | G114: Kurtarma Elemanı | H114: Koruma Elemanı | I114: İlkyardım Elemanı
C115: =KAYIT!C7 -> 0 | D115: =KAYIT!C8 -> 0 | E115: =KAYIT!C9 -> 0 | F115: =KAYIT!D19 -> 0 | G115: =KAYIT!D25 -> 0 | H115: =KAYIT!D31 | I115: =KAYIT!D37 -> 0
D118: ACİL DURUM EYLEM PLANI | I118: =I57 -> 0
D120: =KAYIT!C1 -> 0
C126: İÇİNDEKİLER:
C128: BÖLÜM 1 - GENEL HÜKÜMLER
D130: ü Amaç
D131: ü Kapsam
D132: ü Tanımlar
D133: ü Yasal Dayanaklar
D134: ü Acil Durumda Temel Yükümlülük Ve Sorumluluklar
C136: BÖLÜM 2- ACİL DURUM ÖNLEMLERİ, EYLEM PLANLARI ve İLK MÜDAHALE
D138: ü Muhtemel Acil Durumlar
D139: ü Muhtemel Acil Durum Önlemleri
D140: ü Acil Durum Müdahale Eylem Planları
D141: ü Acil Durumda İlk Müdahale
D142: ü Durum Tespiti
C144: BÖLÜM 4 – ACİL DURUM PLANI HAZIRLAMA EKİBİ
D146: ü Ekler
J160: Sayfa 2 / 28
C161: İşveren / İ.Vekili | D161: İş Güvenliği Uzmanı | E161: İşyeri Hekimi | F161: Söndürme Elemanı | G161: Kurtarma Elemanı | H161: Koruma Elemanı | I161: İlkyardım Elemanı
C162: =C115 -> 0 | D162: =D115 -> 0 | E162: =E115 -> 0 | F162: =F115 -> 0 | G162: =G115 -> 0 | H162: =H115 | I162: =I115 -> 0
C166: BÖLÜM 1 - GENEL HÜKÜMLER
C168: 1.1. AMAÇ
C170: Bu planın amacı;
C171: üİşyerinde oluşabilecek acil durumlarda, sistemim kesintiye uğramasını engelleyerek, insan ve çevre
C172: sağlığına gelebilecek zararı en aza indirmek için gerekli müdahalenin erken ve etkin bir şekilde yapılması,
C173: Acil durumlarda yönetimin süratli ve doğru karar almasını sağlayacak verilerin toplanması için çalışma
C174: planlarının oluşturulması,
C175: üAcil durumlarda gerekli olabilecek bilgilerin personele inceden, etkin ve yeterli birimde verilmesi,
C176: Acil durum ekipmanlarının düzenli kontrolü, bakımı ve gerektiğinde yenilenmesi,
C177: Acil durumların güvenli olarak organize edilmesi ve bu konularda görevlendirilecek çalışanların
C178: faaliyetlerinin belirlenmesidir.
C180: 1.2. KAPSAM
... C211: patlama olayını,
J218: Sayfa 3 / 28
C219: İşveren / İ.Vekili | D219: İş Güvenliği Uzmanı | E219: İşyeri Hekimi | F219: Söndürme Elemanı | G219: Kurtarma Elemanı | H219: Koruma Elemanı | I219: İlkyardım Elemanı
C220: =C115 -> 0 | D220: =D115 -> 0 | E220: =E115 -> 0 | F220: =F115 -> 0 | G220: =G115 -> 0 | H220: =H115 | I220: =I115 -> 0
C223: Güvenli yer (Acil Toplanma Alanı): Acil durumların olumsuz sonuçlarından çalışanların etkilenmeyeceği
C224: mesafede veya korunakta belirlenmiş yerdir.
C225: Kaza: Ölüme, hastalığa, yaralanmaya, hasara veya diğer kayıplara sebebiyet veren istenmeyen olay.
C226: İş Kazası: Önceden planlanmamış çoğu zaman, kişisel yaralanmalara, makinelerin, araç ve gereçlerin zarara
C227: uğramasına, üretimin bir süre durmasına yol açan bir olayı,
C228: Yangın: Katı, sıvı veya gaz halindeki yanıcı maddelerin ısı alarak kontrol dışı yanmasıdır.
C229: Deprem: Fay üzerinde biriken biçim değiştirme enerjisinin aniden boşalması sonucu meydana gelen yer
C230: değiştirme hareketleridir.
C231: Sızıntı: Dökülme: İnsan sağlığına ve çevreye doğrudan veya dolaylı bir şekilde zarar verebilecek
C232: olan zararlı maddelerin bir kaptan sızarak veya dökülerek boşalmasıdır.
C233: İlk Yardım: Herhangi bir nedenle tehlikeli duruma girmiş olan, hastalanan veya kazaya uğrayan
C234: bir kişiye durumunun daha kötüye gitmesini önlemek üzere olay yerinde yapılan tıbbi olmayan
... C270: h) Tüm çalışanları ve diğer kişileri acil durum konusunda bilgilendirmek.
J276: Sayfa 4 / 28
C277: İşveren / İ.Vekili | D277: İş Güvenliği Uzmanı | E277: İşyeri Hekimi | F277: Söndürme Elemanı | G277: Kurtarma Elemanı | H277: Koruma Elemanı | I277: İlkyardım Elemanı
C278: =C115 -> 0 | D278: =D115 -> 0 | E278: =E115 -> 0 | F278: =F115 -> 0 | G278: =G115 -> 0 | H278: =H115 | I278: =I115 -> 0
C281: 1.5.2. Çalışanların Yükümlülük Ve Sorumlulukları
C282: a) Acil Durum Planında belirtilen hususlar dâhilinde alınan önleyici ve sınırlandırıcı tedbirlere uymak,
C283: b) İşyerindeki makina, cihaz, araç, gereç, tesis ve binalarda kendileri ve diğer kişilerin sağlık ve güvenliğini
C284: tehlikeye düşürecek acil durum ile karşılaştıklarında; hemen en yakın amirine, acil durumla ilgili görevlendirilen
C285: sorumluya veya çalışan temsilcisine haber vermek,
C286: c) Acil durumun giderilmesi için, işveren ile işyeri dışındaki ilgili kuruluşlardan olay yerine intikal eden
C287: ekiplerin talimatlarına uymak,
C288: d) Acil durumlar sırasında kendi ve çalışma arkadaşlarının hayatını tehlikeye düşürmeyecek şekilde davranmak.
C289: e) Çalışanlar, kendileri veya diğer kişilerin güvenliği için ciddi ve yakın bir tehlike ile karşılaştıkları ve amirine
C290: hemen haber veremedikleri durumlarda; istenmeyen sonuçların önlenmesi için, bilgileri ve mevcut teknik
C291: donanımları çerçevesinde müdahale edebilirler.
C293: 1.5.3. Acil Durum Ekiplerinin Yükümlülük Ve Sorumlulukları
... C330: a) Ekibin üyeleri acil durumlarda bulundukları yerden, hemen kriz merkezine intikal ederler.
J333: Sayfa 5 / 28
C334: İşveren / İ.Vekili | D334: İş Güvenliği Uzmanı | E334: İşyeri Hekimi | F334: Söndürme Elemanı | G334: Kurtarma Elemanı | H334: Koruma Elemanı | I334: İlkyardım Elemanı
C335: =C115 -> 0 | D335: =D115 -> 0 | E335: =E115 -> 0 | F335: =F115 -> 0 | G335: =G115 -> 0 | H335: =H115 | I335: =I115 -> 0
B337: b) Kriz merkezine intikal eden arama-kurtarma ekiplerinden ikişer kişilik gruplar oluşturulur, c) Arama-kurtarma yapacakları bölgeye giysileri, koruyucu malzemelerini “Acil Müdahale Ekipleri Standart Koruyucu Teçhizat ve Kurtarma Ekipmanlarını” alarak giyinir ve giderler. d) Acil durum mahallinde, mahsur kalan personel başta olmak üzere, kıymetli evrak, para, vb. malzemeyi kurtarır. e) Ekip personeli yaralıyı kurtarma ve taşıma tekniklerini çok iyi bilmelidir. f) Yangınla bağlantılı olan kapı, valfleri açıp-kapatmak, yangın mahalli civarında boşaltılması gereken yerlerdeki malzemeleri öncelik derecesine göre toplayıp, paketlemek ve güvenli bir yere nakledilmesini sağlamakla görevlidir. g) Ekip personeli, görevinin gerektirdiği kurtarma ve taşıma tekniklerini iyi bilmeli, ayrıca kurtarma teçhizatı ile araç- gereçlerini işletme riskine uygun olarak bulundurup, uygun yerlerde muhafaza etmelidir. h) Gerektiğinde kriz masasından takviye arama- kurtarma, ilk yardım ekibi ve teknik malzeme isterler. i) Tahliye süresince tüm kitlenin koşmadan ve paniklemeden tahliye olması için yönlendirmede bulunurlar. j) Tüm görev bölgesi elden geçene kadar arama-kurtarma çalışmalarını sürdürürler k) Gerektiğinde kriz merkezi, görev yerlerini ve ekipleri değiştirebilir. 1.5.3.4. Arama ve Tahliye Ekibinin Yükümlülük ve Sorumlulukları a) İşyerindeki tüm çalışanların ve ekipmanların tahliyesini sağlar. b) Toplanma alanına ulaşılması ve burada toplanılması için gerekli yönlendirmelerde ve yardımda bulunur. c) Tahliye esnasında tüm çalışanları organize eder ve panik oluşmasını engeller. 1.5.3.5. İlk Yardım Ekibinin Yükümlülük ve Sorumlulukları a) Ekip, Acil Durum anında işyeri mahallinde yaralanan kişilere ilk yardım yapar ve en yakın sağlık merkezine ulaştırılmalarını sağlar. b) Ekipte görevli her personel öncelikle yangında boğulma, kanama ve kırıklar konusundaki ilk yardım tekniklerini çok iyi bilinmelidir. c) Tahliye süresince tüm kitlenin koşmadan ve paniklemeden tahliye olması için yönlendirmede bulunurlar. d) Ana toplanma alanına, ilk yardım malzemelerini getirerek yaralılara müdahale ederler. e) Yürüyebilen yaralıları ilk yardım merkezine götürür (doktor odası), yürüyemeyecek durumda olan yaralılar için kriz merkezine haber verirler. f) Yaralılarla ilgilenir, hastaneye sevk edilmesi gereken yaralıları saptar, kriz merkezi ile ilişkiye girerler. 1.5.3.6. Koruma ve Güvenlik Ekibinin Yükümlülük ve Sorumlulukları a) Olağanüstü acil durum hallerinde (yangın, deprem, sel, sabotaj vs.) işletmelerin güvenlik tedbirlerini arttırır. b) İşyeri mahallinde araç ve personel trafiğini düzenler. c) Yardıma gelen itfaiye, ambulans ve güvenlik güçlerine (jandarma, polis vb.) kılavuzluk eder. d) İşyeri mahallinden veya civarından tahliye edilen malzemeyi emniyetle koruma altına alır. e) Kapılarda görevli olan güvenlik ekibi, acil durumdan hemen sonra tahliye kapılarından çıkışı kolaylaştırmak için kapı önü birikmelerini önler. f) Acil durumların devam etme veya tekrar oluşma olasılığına olabileceği için dışarı çıkanların tekrar içeri girmemelerini sağlarlar. g) Tehlikeli bölgelere veya korunması gereken yerlere emniyet şeridi çeker. 1.5.3.7. Sızıntı Ekibinin Yükümlülük ve Sorumlulukları a) Kimyasal maddelerin bulunduğu depo, boru ve ekipmanlarında herhangi bir kaçak olmadığını kontrol eder. b) Tehlikeli olabilecek sahayı şeritlerle belirler, bu bölgeye personelin yaklaşmasını önler. c) Tehlikeli maddenin zehirli parlayıcı, patlayıcı olması durumuna göre gerekli ikaz ve önlemleri aldırır. 1.5.3.8. İlk Hasar Tespit Ekibinin Yükümlülük ve Sorumlulukları a) İşletme içinde oluşan hasarın yerinin, boyutunun ve müdahale şeklinin tespitinden, b) Hasarın büyümesini önleyici tedbirlerin alınmasından ve ilk müdahaleyi yapmaktan c) Acil müdahalenin oluşumuna müteakip toplanma yerine gelmeyen personelin isimlerini ve/veya birimiyle ilgili ilk maddi hasar bilgilerini “Acil Durum Yetkilisine” iletimi ve kurtarma ekiplerinin yönlendirilmesinin sağlanmasından sorumludur.
J390: Sayfa 6 / 28
C391: İşveren / İ.Vekili | D391: İş Güvenliği Uzmanı | E391: İşyeri Hekimi | F391: Söndürme Elemanı | G391: Kurtarma Elemanı | H391: Koruma Elemanı | I391: İlkyardım Elemanı
C392: =C115 -> 0 | D392: =D115 -> 0 | E392: =E115 -> 0 | F392: =F115 -> 0 | G392: =G115 -> 0 | H392: =H115 | I392: =I115 -> 0
B394: 1.5.4. Ziyaretçilerin Yükümlülük ve Sorumlulukları a) İşyerindeki güvenlik kurallarına uymak, b) Acil durumda, acil çıkış yol ve kapılarını kullanarak yönlendirilen toplanma alanına gitmek, c) Refakatçisinin ve görevlilerin uyarı ve talimatlarına uymak, d) Koruma ekibine ziyaretçi olduğunu bildirmek, e) Kendisinin ve başkasının can güvenliğini tehlikeye atmamaktan sorumludur. BÖLÜM 2- ACİL DURUM ÖNLEMLERİ, EYLEM PLANLARI ve İLK MÜDAHALE 2.1. İŞYERİNDEKİ MUHTEMEL ACİL DURUMLAR İşyerinde meydana gelebilecek muhtemel acil durumlar sebepleri aşağıda verilmiştir. Muhtemel Acil Durum Sebepleri; 1. Yangın 2. Patlama, 3. Çevre Kirliliği, Kimyasal Döküntü - Sızıntı, 4. Yıldırım Düşmesi 5. Deprem 6. Su Baskını ve Sel 7. Sabotaj, 8. İş kazaları, 9. Besin Zehirlenmesi, 10. Gaz Zehirlenmesi, 11. Radyasyon 12. RC Yanık, 13. Elektrik Çarpması, 2.2. MUHTEMEL ACİL DURUM ÖNLEMLERİ 2.2.1. YANGIN Yangın oluşumunu engelleyecek aşağıda belirtilen önlemlerin tamamından tüm çalışanlar sorumludur. Alınacak Önlemler; İşyerine çabuk tutuşan parlayıcı (Çakmak benzini, aseton gibi ) maddeler getirilmemelidir. Kullanılan elektrikli ofis cihazları (Bilgisayar, fotokopi makinası vb.) kullanılmadığı zamanlarda kapalı tutulmalıdır. Kabloları aşırı ısınan cihazlar, yerinden çıkmış, gevşemiş elektrik prizleri, anahtarları ve elektrikli ofis malzemelerinin arızaları yetkililere bildirilmelidir. Tesisattan aşırı akım çeken çaydanlık ve ısıtıcı benzeri cihazların kullanımı izinli olmalı, bunlar prizde takılı bırakılarak gidilmemeli, elektrikli sobalar yanıcı eşyalardan uzak tutulmalıdır. Tiner, boya vb. uçucu ve patlayıcı maddelerin depolanmaları uygun olmalı, bu depolar ofis ve araçlardan uzakta olmalıdır. Buralarda sigara içilmemelidir. Yangın söndürme tüplerinin yerleri değiştirilmemelidir ve gereksiz yere kullanılmamalıdır. Yangın çıkış kapılarının çalışma saatlerinde kilitli olmamasına ve yangın kaçış yolları üzerinde engelleyici eşyalar bulunmamasına dikkat edilmelidir. Herhangi bir tamirat ve boya işlerinde yangın alarm sistemlerinin (Alarm butonları, dedektörleri gibi.) boyanmamasına ve zarar görmemesine dikkat edilmelidir. Panolarda kaçak akım rölesi bulunmalıdır. Yeteri kadar seyyar yangın söndürme tüpü bulundurulmalı, bunların kontrolleri yapılmalı, yangın eğitim ve söndürme tatbikatları yapılmalıdır. Yangına karşı ikaz levhaları konulmalıdır. Sigara yasağına ilişkin ikaz levhaları konularak durum denetlenmelidir. Duman dedektörü ve/veya yangın alarmı sistemlerinin kontrolü yapılmalıdır. Acil Durum Ekip listeleri hazırlanmalıdır ve işyeri ortamında bulundurulmalıdır.
J447: Sayfa 7 / 28
...

Sheet TAHLİYE TATBİKATI dolu
A1: TATBİKAT FORMU
A4: İşyeri Adı/Unvanı: | C4: =KAYIT!C1 -> 0
A6: Tatbikat Adı: TAHLİYE | F6: Tatbikat Tarihi:…..../…..../…....
A8: Tatbikat Türü
B9: Yangın
B10: Patlama
B11: Doğal Afet (…..................................)
B12: Tehlikeli Kimyasal, Biyolojik, Radyoaktif
B13: Zehirlenme veya Salgın Hastalıklar ve Nükleer Maddelerden Kaynaklanan Yayılım
B14: Sabotaj
B15: Diğer (…....TAHLİYE…....)
A16: Tatbikat Katılım Sayıları
A17: Katılan Kişi Sayısı | E17: :
A18: Toplanma Yerindeki Sayım Sonucu | E18: :
A19: Tatbikat Süreleri
A20: Başlangıç Saati | C20: : 10:00
A21: Bitiş Saati | C21: : 10:03
A22: Tatbikat Konumu: (Alan. Bina , işyeri bölümü vs.) Tüm İşletme
A24: Tatbikatın Amacı: Tüm çalışanların herhangi bir acil durumda nasıl davranacakları, kaçış yollarını nasıl kullanacakları, en kısa sürede işletmenin boşaltılmasının yapılması ve yine tüm çalışanların muhtemel yangın ve acil durumlarda meydana gelebilecek zararı en aza indirebilecek bilgi ve becerilerini arttırmak.
A28: Tatbikat Sonrası Değerlendirme: Tatbikat alarm verilerek başlatıldı. İşletmenin tamamında alarm sireni duyuldu. Toplanma bölgesinde tüm personele acil bir durumda nasıl müdahale edecekleri hususunda bilgi verildi. Toplanma bölgesinde ve tahliye sırasındaki hareket tarzları yeterli ciddiyetlikte olduğu gözlendi.
A32: Tatbikat Esnasında Doğru Yapılanlar: Çalışanların seri bir şekilde acil yön levhalarını izleyerek acil çıkış kapılarından çıkması ve acil toplanma alanında toplanmaları.
A36: Tatbikat Esnasında Yanlış Yapılanlar: Tahliye tatbikatı sırasında önemli sayılabilecek hata tespit edilmemiştir.
A40: Çıkarılan Sonuçlar: Yapılan tatbikat sonrasında verilen eğitim ile çalışanların acil durum senaryolarına daha ciddi yaklaştıkları gözlemlenmiştir.
A43: Tatbikatı Yürüten | G43: Tatbikatı Onaylayan (İşveren / İ.Vekili)
A44: Adı Soyadı: Ünvanı: İmza: | G44: Adı Soyadı: İmza:

Sheet Katılım Kayıt Formu
A1: ACİL DURUM TATBİKATI KATILIM KAYIT FORMU
A2: TATBİKATIN KONUSU: Acil Durumlar Hakkında Yönetmeliğin 5' inci, 7' inci ve 13' üncü maddelerinde belirtilen Acil Durumlar için yapılan tatbikattır.
A4: TATBİKAT TARİHİ: | F4: TATBİKAT SÜRESİ:
A5: SAYI | B5: AD-SOYAD | D5: TC | E5: İMZA | F5: SAYI | G5: AD-SOYAD | I5: TC | J5: İMZA
A6: 1 | F6: 49
A7: 2 | F7: 50
A8: 3 | F8: 51
A9: 4 | F9: 52
A10: 5 | F10: 53
A11: 6 | F11: 54
A12: 7 | F12: 55
A13: 8 | F13: 56
A14: 9 | F14: 57
A15: 10 | F15: 58
A16: 11 | F16: 59
A17: 12 | F17: 60
... A53: 48 | F53: 96

Sheet YANGIN YÖNERGESİ
C10: YANGIN YÖNERGESİ
F52: =KAYIT!C6 -> 0
C54: =KAYIT!C1 -> 0
D62: YANGIN YÖNERGESİ | I62: =KAYIT!C5 -> 0
D64: =KAYIT!C1 -> 0
C69: İşyeri Unvanı | E69: =KAYIT!C1 -> 0 | H69: Hazırlama/ Güncelleme Tarihi | I69: =KAYIT!C6 -> 0
C72: İşyeri Adresi | E72: =KAYIT!C2 -> 0
C75: İşyeri Sicil No | E75: =KAYIT!C3 -> 0
C80: 1-AMAÇ:
C81: Bu Yönergenin (talimatın) amacı, | F81: =KAYIT!C1 -> 0
C82: Firmasında, işletme faaliyeti esnasında herhangi bir şekilde çıkan yangının, can ve mal kaybını en aza indirerek söndürülmesini sağlayacak, yangına karşı korunması ve yangın anında yangının önlenmesi, genişlemesine meydan verilmemesi, yangın öncesinde ve esnasında alınması gereken tedbirleri, organizasyon, eğitim, yapılacak iş ve işlemleri ile görevlileri belirlemektir
C87: 2- KAPSAM:
C88: Bu talimat, | D88: =KAYIT!C1 -> 0
C89: nin tüm işyerlerini kapsar.
C91: 3- SORUMLULUK:
C92: Bu talimattan, İş yerlerinde görevli tüm personel ve İş yerlerinde görevli tüm Alt İşveren personelini sorumludur. Yönerge hükümlerini, İşyeri Yöneticisi yürütür. Yönerge, işyerindeki ilgili yerlere asılmasıyla binadaki tüm personele tebliğ edilmiş olup, Yönerge de belirtilen görevlerin bilinmesi ve bu hususlara riayet edilmesi zorunludur.
C97: 4- TANIM:
C98: Yanma: Kontrolü elden çıkmış yanma olayıdır. Yangın nedenleri; korunma önlemlerinin alınmaması, bilgisizlik, ihmal, kazalar, sıçrama ve doğa olaylarıdır. Yanma genel olarak kimyasal bir olaydır.
C101: YANGIN EKİPLERİNİN GÖREVLERİ
C102: 1.Söndürme Ekibi: Çalışma bölgesinde meydana gelen yangına derhal müdahale ederek yangını söndürme ve/veya genişlemesine mani olmak. 2.Kurtarma Ekibi: Yangın anında can ve mal kurtarma işlerini yapmak ve yürütmek. 3.Koruma Ekibi: Kurtarma ekibince kurtarılan araç, gereç, eşya ve evrakları korumak, yangın nedeniyle çıkması muhtemel panik ve kargaşayı önlemek. 4.İlkyardım Ekibi: Yangın nedeniyle yaralanan veya hastalanan kişilere ilkyardım yapmak. -Ekiplerin birbirleriyle işbirliği yapmaları ve karşılıklı yardımlaşmada bulunmaları esastır. -Ekiplerde görevli personelin isimleri Yangın Yönergesinin sonundadır. Ekiplerin Sevk ve İdaresi: Ekiplerin yangın anında sevk ve idaresi, itfaiye gelinceye kadar Ekip başlarına aittir. Bu süre içinde ekipler, İşyeri sorumlusundan emir alırlar. İtfaiye gelince söndürme ve kurtarma ekipleri itfaiye amirinin emrine girerler.
J117: Sayfa 1 / 2
D119: YANGIN YÖNERGESİ | I119: =I62 -> 0
D121: =D64 -> 0
C125: YANGINA MÜDAHALE A) Haber Verme: Yangını ilk gören şahıs, mevcut haber verme sistemi ile (Zil, Telefon, Telsiz, bağırmak) haber vermekle birlikte, (öncelikle görevlendirilen personel olmak üzere) telefonla itfaiyeye (110) haber verecektir. B) Görevlilerin Hareket Tarzı: Yangın haberini alan ekipler, kendilerine ait araç gereçlerini alarak derhal olay yerine gelecek, olay yerinde; 1) Söndürme Ekipleri: Yangın yerinin çevresinde gerekli tertibatı alacak, yangını söndürmeye çalışacak ve genişlemesine mani olacaktır. 2) Kurtarma Ekipleri: Varsa öncelikle canlılar kurtarılacak daha sonra yangında ilk önce kurtarılacak araç, gereç, evrak, dosya ve diğer eşyayı çalışan diğer personelin yardımı ile işletme sorumlusunun uygun göreceği alan ve yerlere taşınacaktır. 3) Koruma Ekipleri: Yangın bölgesinden uzaklaştırılan araç, gereç, eşya ve evrakı İşyeri sorumlusunun ve güvenlik görevlilerinin göstereceği yerde muhafaza edecektir. Yangın söndürüldükten sonra araç, gereç, evrak ve eşyalar ilgililerine teslim edilecektir. 4) İlkyardım Ekipleri: Yangında yaralanan ve hastalananlara ilkyardım hizmeti vereceklerdir. 5- GENEL KURALLAR Yangın: Ortamda her zaman ve bir arada mevcut olan, "OKSİJEN", "YANICI MADDE" ve "ISI" nın, kontrol dışında, birleşmesi ile, " IŞIK " ( Alev ) ve " KUVVETLİ ISI " nın açığa çıkmasıdır. Yangın Sınıfları: Yangınlar, literatürde yanacak madde cinslerine göre, dört ana grup altında sınıflandırılmıştır. A Sınıfı Yangınlar: Ahşap, kâğıt, kumaş, odun, kömür, saman ile doğal örtülerden çıkan yangınlardır. Korlu yanan katı maddeler, soğutucu etki yaratan maddelerle söndürülür. Bu sınıftaki yangınlara su, köpüklü yangın söndürme, C02 yangın söndürme cihazları ile müdahale etmek gerekir. B Sınıfı Yangınlar: Akaryakıt, yağ, boya, tiner vb diğer parlayıcı madde yangınlarıdır. Benzin, yağ v.b. yanıcı sıvılar. Oksijen teması kesilerek söndürülür. Bu tür yangınlara (C02),köpük ve kuru kimyasal tozlu tip yangın söndürme cihazları ile müdahale edilir. C Sınıfı Yangınlar: Basınç altındaki yanıcı gazlar. Soğutma işlemi yapılarak söndürülür. D Sınıfı Yangınlar: Yanıcı hafif metaller. Kuru Toz ile söndürülür. " E SINIFI " olarak tanımlanan Elektrik, bir yangın türü değil, yangın nedenidir. Elektrik, tesisat ve teçhizat, trafo vb. elektrik teçhizatına ait yangınlardır. Bu sınıf yangınlara karbondioksitli ( C02) ve kuru kimyasal tozlu yangın söndürme cihazları ile müdahale edilir. YANGINA KARŞI ALINACAK TEDBİRLER: Yasaklanan bölgelerde sigara içmeyiniz. Elektrik tesisatlarında, yetkili değilseniz tadilat veya tamirat yapmayınız. Yanıcı, parlayıcı ve patlayıcı maddeleri açıkta bırakmayınız. Yangın ve acil çıkış koridorlarını kapatmayınız. Çalışılmayan bölümlerin şalterlerini indiriniz. Tehlikeli maddelerin depolama ve saklama kurallarına uyunuz. İşyerinden ayrılırken kapı ve pencereleri kapatınız.
D169: İş Güvenliği Uzmanı | G169: İşveren / İ.Vekili
D170: =KAYIT!C8 -> 0 | G170: =KAYIT!C7 -> 0
J174: Sayfa 2 / 2

Sheet TALİMAT TESLİM 
J8: =KAYIT!C6 -> 0
C12: TALİMATLAR TESLİM TUTANAĞI
D17: =KAYIT!C1 -> 0
C18: için İş Güvenliği Uzmanı | F18: =KAYIT!C8 -> 0 | K18: nin hazırlamış olduğumuz dosya,
C19: bilgi ve belgeler ekte sunulmuştur ve bu tutanakla ilgili kişiye elden teslim edilmiştir.
B22: TESLİM EDEN | K22: TESLİM ALAN
B23: =KAYIT!C8 -> 0 | K23: =KAYIT!C7 -> 0
E30: EKLER (TALİMATLAR)
B32: 1. ARAÇ KULLANMA TALİMATI
B33: 2. EL ALETLERİ KULLANMA TALİMATI
B34: 3. ELEKTRİK PANOSU KULLANMA TALİMATI
B35: 4. ELLE YÜK TAŞIMA TALİMATI
B36: 5. GÜVENLİK VE SAĞLIK İŞARETLERİ TALİMATLARI
B37: 6. İŞ KAZASI BİLDİRİMİ KAYIT ALTINA ALMA TALİMATI
B38: 7. KKD ÖZELLİKLERİ VE KULLANMA TALİMATI
B39: 8. TIR KAMYON YÜKLEME İNDİRME TALİMATI
B40: 9. YANGIN DOLABI KULLANMA TALİMATI
B41: 10. İŞ MAKİNALARI KULLANMA TALİMATI

Sheet DÖKÜMAN TESLİM
J8: =KAYIT!C6 -> 0
D10: DÖKÜMAN TESLİM TUTANAĞI
D15: =KAYIT!C1 -> 0
C16: için İş Güvenliği Uzmanı | F16: =KAYIT!C8 -> 0 | K16: nın hazırlamış olduğumuz dosya,
C17: bilgi ve belgeler ekte sunulmuştur ve bu tutanakla ilgili kişiye elden teslim edilmiştir.
B20: TESLİM EDEN | K20: TESLİM ALAN
B21: =KAYIT!C8 -> 0 | K21: =KAYIT!C7 -> 0
D27: EKLER
C29: 1 | D29: YILLIK ÇALIŞMA PLANI
C30: =C29+1 -> 2 | D30: YILLIK EĞİTİM PLANI
C31: =C30+1 -> 3 | D31: İÇ EMNİYET YÖNETMELİĞİ
C32: =C31+1 -> 4 | D32: DİSİPLİN YÖNETMELİĞİ
C33: =C32+1 -> 5 | D33: ATAMA YAZILARI
C34: =C33+1 -> 6 | D34: ÇALIŞAN TEMSİLCİSİ EVRAKLARI
C35: =C34+1 -> 7 | D35: PERSONEL EĞİTİM İMZA FÖYLERİ
C36: =C35+1 -> 8 | D36: İŞ KAZA TUTANAKLARI
C37: =C36+1 -> 9 | D37: RAMAK KALA OLAY BİLDİRİM FORMU
C38: =C37+1 -> 10 | D38: KİŞİSEL KORUYUCU DONANIM ZİMMET TUTANAGI
C39: =C38+1 -> 11 | D39: GENEL TALİMAT VE KURALLAR
C40: =C39+1 -> 12 | D40: TEMEL İŞ SAĞLIGI VE GÜVENLİGİ EĞİTİMİ
C41: =C40+1 -> 13 | D41: ACİL DURUM EYLEM PLANI / PROSEDÜRÜ
... C43: =C42+1 -> 15 | D43: YANGIN YÖNERGESİ
